2026-09-01 00:00:00 INFO [worker-0] cache hit path=/api/v1/item/0
2026-09-01 00:01:07 INFO [worker-1] request served path=/api/v1/item/1
2026-09-01 00:02:14 ERROR [worker-2] timeout waiting for upstream (req=62)
2026-09-01 00:03:21 INFO [worker-3] request served path=/api/v1/item/3
2026-09-01 00:04:28 INFO [worker-4] cache hit path=/api/v1/item/4
2026-09-01 00:05:35 ERROR [worker-5] connection reset by peer (req=155)
2026-09-01 00:06:42 ERROR [worker-6] connection reset by peer (req=186)
2026-09-01 00:07:49 INFO [worker-7] scheduled job finished path=/api/v1/item/7
2026-09-01 00:08:56 WARN [worker-0] slow response 1414ms
2026-09-01 00:09:03 INFO [worker-1] scheduled job finished path=/api/v1/item/9
2026-09-01 00:10:10 INFO [worker-2] scheduled job finished path=/api/v1/item/10
2026-09-01 00:11:17 INFO [worker-3] request served path=/api/v1/item/11
2026-09-01 00:12:24 INFO [worker-4] request served path=/api/v1/item/12
2026-09-01 00:13:31 INFO [worker-5] cache hit path=/api/v1/item/13
2026-09-01 00:14:38 INFO [worker-6] cache hit path=/api/v1/item/14
2026-09-01 00:15:45 INFO [worker-7] scheduled job finished path=/api/v1/item/15
2026-09-01 00:16:52 INFO [worker-0] cache hit path=/api/v1/item/16
2026-09-01 00:17:59 WARN [worker-1] slow response 2839ms
2026-09-01 00:18:06 INFO [worker-2] cache miss path=/api/v1/item/18
2026-09-01 00:19:13 WARN [worker-3] slow response 757ms
2026-09-01 00:20:20 INFO [worker-4] scheduled job finished path=/api/v1/item/20
2026-09-01 00:21:27 INFO [worker-5] scheduled job finished path=/api/v1/item/21
2026-09-01 00:22:34 INFO [worker-6] cache miss path=/api/v1/item/22
2026-09-01 00:23:41 INFO [worker-7] worker heartbeat path=/api/v1/item/23
2026-09-01 00:24:48 INFO [worker-0] cache hit path=/api/v1/item/24
2026-09-01 00:25:55 INFO [worker-1] cache hit path=/api/v1/item/25
2026-09-01 00:26:02 WARN [worker-2] slow response 1729ms
2026-09-01 00:27:09 INFO [worker-3] cache miss path=/api/v1/item/27
2026-09-01 00:28:16 INFO [worker-4] cache miss path=/api/v1/item/28
2026-09-01 00:29:23 INFO [worker-5] request served path=/api/v1/item/29
2026-09-01 00:30:30 WARN [worker-6] slow response 2212ms
2026-09-01 00:31:37 WARN [worker-7] slow response 1901ms
2026-09-01 00:32:44 WARN [worker-0] slow response 2502ms
2026-09-01 00:33:51 INFO [worker-1] request served path=/api/v1/item/33
2026-09-01 00:34:58 INFO [worker-2] scheduled job finished path=/api/v1/item/34
2026-09-01 00:35:05 INFO [worker-3] cache miss path=/api/v1/item/35
2026-09-01 00:36:12 INFO [worker-4] cache miss path=/api/v1/item/36
2026-09-01 00:37:19 INFO [worker-5] scheduled job finished path=/api/v1/item/37
2026-09-01 00:38:26 INFO [worker-6] request served path=/api/v1/item/38
2026-09-01 00:39:33 INFO [worker-7] cache miss path=/api/v1/item/39
2026-09-01 00:40:40 INFO [worker-0] request served path=/api/v1/item/40
2026-09-01 00:41:47 ERROR [worker-1] timeout waiting for upstream (req=1271)
2026-09-01 00:42:54 INFO [worker-2] worker heartbeat path=/api/v1/item/42
2026-09-01 00:43:01 INFO [worker-3] worker heartbeat path=/api/v1/item/43
2026-09-01 00:44:08 INFO [worker-4] cache miss path=/api/v1/item/44
2026-09-01 00:45:15 ERROR [worker-5] timeout waiting for upstream (req=1395)
2026-09-01 00:46:22 WARN [worker-6] slow response 979ms
2026-09-01 00:47:29 INFO [worker-7] cache hit path=/api/v1/item/47
2026-09-01 00:48:36 INFO [worker-0] cache hit path=/api/v1/item/48
2026-09-01 00:49:43 INFO [worker-1] worker heartbeat path=/api/v1/item/49
2026-09-01 00:50:50 INFO [worker-2] worker heartbeat path=/api/v1/item/50
2026-09-01 00:51:57 WARN [worker-3] slow response 2339ms
2026-09-01 00:52:04 INFO [worker-4] cache miss path=/api/v1/item/52
2026-09-01 00:53:11 INFO [worker-5] worker heartbeat path=/api/v1/item/53
2026-09-01 00:54:18 INFO [worker-6] cache miss path=/api/v1/item/54
2026-09-01 00:55:25 INFO [worker-7] cache miss path=/api/v1/item/55
2026-09-01 00:56:32 INFO [worker-0] worker heartbeat path=/api/v1/item/56
2026-09-01 00:57:39 INFO [worker-1] cache hit path=/api/v1/item/57
2026-09-01 00:58:46 WARN [worker-2] slow response 1119ms
2026-09-01 00:59:53 INFO [worker-3] cache hit path=/api/v1/item/59
2026-09-01 01:00:00 ERROR [worker-4] invalid session token (req=1860)
2026-09-01 01:01:07 WARN [worker-5] slow response 1654ms
2026-09-01 01:02:14 ERROR [worker-6] connection reset by peer (req=1922)
2026-09-01 01:03:21 INFO [worker-7] scheduled job finished path=/api/v1/item/63
2026-09-01 01:04:28 INFO [worker-0] cache hit path=/api/v1/item/64
2026-09-01 01:05:35 INFO [worker-1] scheduled job finished path=/api/v1/item/65
2026-09-01 01:06:42 INFO [worker-2] request served path=/api/v1/item/66
2026-09-01 01:07:49 INFO [worker-3] scheduled job finished path=/api/v1/item/67
2026-09-01 01:08:56 INFO [worker-4] worker heartbeat path=/api/v1/item/68
2026-09-01 01:09:03 INFO [worker-5] worker heartbeat path=/api/v1/item/69
2026-09-01 01:10:10 INFO [worker-6] request served path=/api/v1/item/70
2026-09-01 01:11:17 WARN [worker-7] slow response 1355ms
2026-09-01 01:12:24 INFO [worker-0] request served path=/api/v1/item/72
2026-09-01 01:13:31 INFO [worker-1] request served path=/api/v1/item/73
2026-09-01 01:14:38 WARN [worker-2] slow response 2821ms
2026-09-01 01:15:45 WARN [worker-3] slow response 915ms
2026-09-01 01:16:52 INFO [worker-4] scheduled job finished path=/api/v1/item/76
2026-09-01 01:17:59 ERROR [worker-5] invalid session token (req=2387)
2026-09-01 01:18:06 INFO [worker-6] cache hit path=/api/v1/item/78
2026-09-01 01:19:13 INFO [worker-7] cache miss path=/api/v1/item/79
2026-09-01 01:20:20 INFO [worker-0] worker heartbeat path=/api/v1/item/80
2026-09-01 01:21:27 WARN [worker-1] slow response 2499ms
2026-09-01 01:22:34 INFO [worker-2] worker heartbeat path=/api/v1/item/82
2026-09-01 01:23:41 INFO [worker-3] cache miss path=/api/v1/item/83
2026-09-01 01:24:48 WARN [worker-4] slow response 918ms
2026-09-01 01:25:55 INFO [worker-5] cache miss path=/api/v1/item/85
2026-09-01 01:26:02 INFO [worker-6] cache hit path=/api/v1/item/86
2026-09-01 01:27:09 INFO [worker-7] cache hit path=/api/v1/item/87
2026-09-01 01:28:16 INFO [worker-0] scheduled job finished path=/api/v1/item/88
2026-09-01 01:29:23 INFO [worker-1] scheduled job finished path=/api/v1/item/89
2026-09-01 01:30:30 INFO [worker-2] scheduled job finished path=/api/v1/item/90
2026-09-01 01:31:37 INFO [worker-3] request served path=/api/v1/item/91
2026-09-01 01:32:44 INFO [worker-4] cache miss path=/api/v1/item/92
2026-09-01 01:33:51 INFO [worker-5] cache hit path=/api/v1/item/93
2026-09-01 01:34:58 INFO [worker-6] cache hit path=/api/v1/item/94
2026-09-01 01:35:05 INFO [worker-7] scheduled job finished path=/api/v1/item/95
2026-09-01 01:36:12 INFO [worker-0] cache hit path=/api/v1/item/96
2026-09-01 01:37:19 INFO [worker-1] cache hit path=/api/v1/item/0
2026-09-01 01:38:26 INFO [worker-2] worker heartbeat path=/api/v1/item/1
2026-09-01 01:39:33 INFO [worker-3] cache hit path=/api/v1/item/2
2026-09-01 01:40:40 WARN [worker-4] slow response 2518ms
2026-09-01 01:41:47 INFO [worker-5] request served path=/api/v1/item/4
2026-09-01 01:42:54 INFO [worker-6] cache miss path=/api/v1/item/5
2026-09-01 01:43:01 INFO [worker-7] cache hit path=/api/v1/item/6
2026-09-01 01:44:08 INFO [worker-0] cache miss path=/api/v1/item/7
2026-09-01 01:45:15 INFO [worker-1] cache miss path=/api/v1/item/8
2026-09-01 01:46:22 INFO [worker-2] cache miss path=/api/v1/item/9
2026-09-01 01:47:29 WARN [worker-3] slow response 918ms
2026-09-01 01:48:36 INFO [worker-4] cache hit path=/api/v1/item/11
2026-09-01 01:49:43 INFO [worker-5] worker heartbeat path=/api/v1/item/12
2026-09-01 01:50:50 INFO [worker-6] scheduled job finished path=/api/v1/item/13
2026-09-01 01:51:57 INFO [worker-7] worker heartbeat path=/api/v1/item/14
2026-09-01 01:52:04 INFO [worker-0] cache miss path=/api/v1/item/15
2026-09-01 01:53:11 INFO [worker-1] request served path=/api/v1/item/16
2026-09-01 01:54:18 INFO [worker-2] request served path=/api/v1/item/17
2026-09-01 01:55:25 INFO [worker-3] cache hit path=/api/v1/item/18
2026-09-01 01:56:32 INFO [worker-4] cache hit path=/api/v1/item/19
2026-09-01 01:57:39 INFO [worker-5] cache miss path=/api/v1/item/20
2026-09-01 01:58:46 WARN [worker-6] slow response 2121ms
2026-09-01 01:59:53 INFO [worker-7] request served path=/api/v1/item/22
2026-09-01 02:00:00 INFO [worker-0] cache hit path=/api/v1/item/23
2026-09-01 02:01:07 INFO [worker-1] request served path=/api/v1/item/24
2026-09-01 02:02:14 WARN [worker-2] slow response 2406ms
2026-09-01 02:03:21 INFO [worker-3] cache hit path=/api/v1/item/26
2026-09-01 02:04:28 INFO [worker-4] scheduled job finished path=/api/v1/item/27
2026-09-01 02:05:35 INFO [worker-5] cache miss path=/api/v1/item/28
2026-09-01 02:06:42 WARN [worker-6] slow response 2745ms
2026-09-01 02:07:49 WARN [worker-7] slow response 558ms
2026-09-01 02:08:56 INFO [worker-0] request served path=/api/v1/item/31
2026-09-01 02:09:03 INFO [worker-1] cache hit path=/api/v1/item/32
2026-09-01 02:10:10 INFO [worker-2] cache hit path=/api/v1/item/33
2026-09-01 02:11:17 INFO [worker-3] cache hit path=/api/v1/item/34
2026-09-01 02:12:24 ERROR [worker-4] connection reset by peer (req=4092)
2026-09-01 02:13:31 INFO [worker-5] scheduled job finished path=/api/v1/item/36
2026-09-01 02:14:38 INFO [worker-6] scheduled job finished path=/api/v1/item/37
2026-09-01 02:15:45 INFO [worker-7] cache hit path=/api/v1/item/38
2026-09-01 02:16:52 ERROR [worker-0] invalid session token (req=4216)
2026-09-01 02:17:59 INFO [worker-1] scheduled job finished path=/api/v1/item/40
2026-09-01 02:18:06 INFO [worker-2] scheduled job finished path=/api/v1/item/41
2026-09-01 02:19:13 INFO [worker-3] scheduled job finished path=/api/v1/item/42
2026-09-01 02:20:20 WARN [worker-4] slow response 1121ms
2026-09-01 02:21:27 INFO [worker-5] request served path=/api/v1/item/44
2026-09-01 02:22:34 INFO [worker-6] cache hit path=/api/v1/item/45
2026-09-01 02:23:41 INFO [worker-7] cache hit path=/api/v1/item/46
2026-09-01 02:24:48 WARN [worker-0] slow response 2439ms
2026-09-01 02:25:55 INFO [worker-1] request served path=/api/v1/item/48
2026-09-01 02:26:02 INFO [worker-2] cache miss path=/api/v1/item/49
2026-09-01 02:27:09 INFO [worker-3] scheduled job finished path=/api/v1/item/50
2026-09-01 02:28:16 INFO [worker-4] request served path=/api/v1/item/51
2026-09-01 02:29:23 INFO [worker-5] request served path=/api/v1/item/52
2026-09-01 02:30:30 INFO [worker-6] cache miss path=/api/v1/item/53
2026-09-01 02:31:37 ERROR [worker-7] connection reset by peer (req=4681)
2026-09-01 02:32:44 INFO [worker-0] request served path=/api/v1/item/55
2026-09-01 02:33:51 INFO [worker-1] request served path=/api/v1/item/56
2026-09-01 02:34:58 INFO [worker-2] scheduled job finished path=/api/v1/item/57
2026-09-01 02:35:05 INFO [worker-3] scheduled job finished path=/api/v1/item/58
2026-09-01 02:36:12 INFO [worker-4] cache miss path=/api/v1/item/59
2026-09-01 02:37:19 INFO [worker-5] scheduled job finished path=/api/v1/item/60
2026-09-01 02:38:26 INFO [worker-6] scheduled job finished path=/api/v1/item/61
2026-09-01 02:39:33 INFO [worker-7] scheduled job finished path=/api/v1/item/62
2026-09-01 02:40:40 INFO [worker-0] cache miss path=/api/v1/item/63
2026-09-01 02:41:47 INFO [worker-1] cache hit path=/api/v1/item/64
2026-09-01 02:42:54 INFO [worker-2] cache hit path=/api/v1/item/65
2026-09-01 02:43:01 INFO [worker-3] worker heartbeat path=/api/v1/item/66
2026-09-01 02:44:08 INFO [worker-4] request served path=/api/v1/item/67
2026-09-01 02:45:15 INFO [worker-5] worker heartbeat path=/api/v1/item/68
2026-09-01 02:46:22 ERROR [worker-6] timeout waiting for upstream (req=5146)
2026-09-01 02:47:29 INFO [worker-7] cache hit path=/api/v1/item/70
2026-09-01 02:48:36 INFO [worker-0] cache miss path=/api/v1/item/71
2026-09-01 02:49:43 WARN [worker-1] slow response 1062ms
2026-09-01 02:50:50 INFO [worker-2] cache hit path=/api/v1/item/73
2026-09-01 02:51:57 INFO [worker-3] request served path=/api/v1/item/74
2026-09-01 02:52:04 INFO [worker-4] worker heartbeat path=/api/v1/item/75
2026-09-01 02:53:11 WARN [worker-5] slow response 1416ms
2026-09-01 02:54:18 WARN [worker-6] slow response 2267ms
2026-09-01 02:55:25 INFO [worker-7] worker heartbeat path=/api/v1/item/78
2026-09-01 02:56:32 INFO [worker-0] cache hit path=/api/v1/item/79
2026-09-01 02:57:39 INFO [worker-1] request served path=/api/v1/item/80
2026-09-01 02:58:46 INFO [worker-2] request served path=/api/v1/item/81
2026-09-01 02:59:53 INFO [worker-3] worker heartbeat path=/api/v1/item/82
2026-09-01 03:00:00 INFO [worker-4] request served path=/api/v1/item/83
2026-09-01 03:01:07 INFO [worker-5] scheduled job finished path=/api/v1/item/84
2026-09-01 03:02:14 INFO [worker-6] scheduled job finished path=/api/v1/item/85
2026-09-01 03:03:21 INFO [worker-7] request served path=/api/v1/item/86
2026-09-01 03:04:28 INFO [worker-0] cache hit path=/api/v1/item/87
2026-09-01 03:05:35 INFO [worker-1] request served path=/api/v1/item/88
2026-09-01 03:06:42 WARN [worker-2] slow response 1613ms
2026-09-01 03:07:49 ERROR [worker-3] invalid session token (req=5797)
2026-09-01 03:08:56 INFO [worker-4] cache hit path=/api/v1/item/91
2026-09-01 03:09:03 INFO [worker-5] cache miss path=/api/v1/item/92
2026-09-01 03:10:10 INFO [worker-6] scheduled job finished path=/api/v1/item/93
2026-09-01 03:11:17 INFO [worker-7] scheduled job finished path=/api/v1/item/94
2026-09-01 03:12:24 INFO [worker-0] cache miss path=/api/v1/item/95
2026-09-01 03:13:31 WARN [worker-1] slow response 735ms
2026-09-01 03:14:38 INFO [worker-2] cache hit path=/api/v1/item/0
2026-09-01 03:15:45 INFO [worker-3] request served path=/api/v1/item/1
2026-09-01 03:16:52 INFO [worker-4] request served path=/api/v1/item/2
2026-09-01 03:17:59 INFO [worker-5] cache miss path=/api/v1/item/3
2026-09-01 03:18:06 WARN [worker-6] slow response 1410ms
2026-09-01 03:19:13 ERROR [worker-7] invalid session token (req=6169)
2026-09-01 03:20:20 INFO [worker-0] cache miss path=/api/v1/item/6
2026-09-01 03:21:27 INFO [worker-1] worker heartbeat path=/api/v1/item/7
2026-09-01 03:22:34 INFO [worker-2] cache miss path=/api/v1/item/8
2026-09-01 03:23:41 INFO [worker-3] request served path=/api/v1/item/9
2026-09-01 03:24:48 INFO [worker-4] cache hit path=/api/v1/item/10
2026-09-01 03:25:55 INFO [worker-5] cache hit path=/api/v1/item/11
2026-09-01 03:26:02 INFO [worker-6] cache hit path=/api/v1/item/12
2026-09-01 03:27:09 INFO [worker-7] cache miss path=/api/v1/item/13
2026-09-01 03:28:16 INFO [worker-0] scheduled job finished path=/api/v1/item/14
2026-09-01 03:29:23 INFO [worker-1] cache miss path=/api/v1/item/15
2026-09-01 03:30:30 INFO [worker-2] cache hit path=/api/v1/item/16
2026-09-01 03:31:37 INFO [worker-3] request served path=/api/v1/item/17
2026-09-01 03:32:44 INFO [worker-4] request served path=/api/v1/item/18
2026-09-01 03:33:51 ERROR [worker-5] invalid session token (req=6603)
2026-09-01 03:34:58 INFO [worker-6] cache hit path=/api/v1/item/20
2026-09-01 03:35:05 INFO [worker-7] cache hit path=/api/v1/item/21
2026-09-01 03:36:12 INFO [worker-0] request served path=/api/v1/item/22
2026-09-01 03:37:19 INFO [worker-1] worker heartbeat path=/api/v1/item/23
2026-09-01 03:38:26 INFO [worker-2] scheduled job finished path=/api/v1/item/24
2026-09-01 03:39:33 INFO [worker-3] worker heartbeat path=/api/v1/item/25
2026-09-01 03:40:40 INFO [worker-4] cache miss path=/api/v1/item/26
2026-09-01 03:41:47 INFO [worker-5] cache hit path=/api/v1/item/27
2026-09-01 03:42:54 INFO [worker-6] cache hit path=/api/v1/item/28
2026-09-01 03:43:01 INFO [worker-7] cache miss path=/api/v1/item/29
2026-09-01 03:44:08 INFO [worker-0] cache hit path=/api/v1/item/30
2026-09-01 03:45:15 ERROR [worker-1] timeout waiting for upstream (req=6975)
2026-09-01 03:46:22 INFO [worker-2] worker heartbeat path=/api/v1/item/32
2026-09-01 03:47:29 WARN [worker-3] slow response 846ms
2026-09-01 03:48:36 INFO [worker-4] worker heartbeat path=/api/v1/item/34
2026-09-01 03:49:43 INFO [worker-5] cache miss path=/api/v1/item/35
2026-09-01 03:50:50 INFO [worker-6] cache miss path=/api/v1/item/36
2026-09-01 03:51:57 ERROR [worker-7] connection reset by peer (req=7161)
2026-09-01 03:52:04 INFO [worker-0] request served path=/api/v1/item/38
2026-09-01 03:53:11 INFO [worker-1] cache miss path=/api/v1/item/39
2026-09-01 03:54:18 INFO [worker-2] scheduled job finished path=/api/v1/item/40
2026-09-01 03:55:25 INFO [worker-3] request served path=/api/v1/item/41
2026-09-01 03:56:32 INFO [worker-4] cache miss path=/api/v1/item/42
2026-09-01 03:57:39 INFO [worker-5] cache hit path=/api/v1/item/43
2026-09-01 03:58:46 ERROR [worker-6] connection reset by peer (req=7378)
2026-09-01 03:59:53 INFO [worker-7] scheduled job finished path=/api/v1/item/45
2026-09-01 04:00:00 INFO [worker-0] cache hit path=/api/v1/item/46
2026-09-01 04:01:07 INFO [worker-1] request served path=/api/v1/item/47
2026-09-01 04:02:14 WARN [worker-2] slow response 867ms
2026-09-01 04:03:21 WARN [worker-3] slow response 2903ms
2026-09-01 04:04:28 ERROR [worker-4] connection reset by peer (req=7564)
2026-09-01 04:05:35 INFO [worker-5] cache hit path=/api/v1/item/51
2026-09-01 04:06:42 WARN [worker-6] slow response 2667ms
2026-09-01 04:07:49 INFO [worker-7] cache hit path=/api/v1/item/53
2026-09-01 04:08:56 INFO [worker-0] scheduled job finished path=/api/v1/item/54
2026-09-01 04:09:03 INFO [worker-1] cache miss path=/api/v1/item/55
2026-09-01 04:10:10 INFO [worker-2] worker heartbeat path=/api/v1/item/56
2026-09-01 04:11:17 WARN [worker-3] slow response 1092ms
2026-09-01 04:12:24 ERROR [worker-4] invalid session token (req=7812)
2026-09-01 04:13:31 INFO [worker-5] worker heartbeat path=/api/v1/item/59
2026-09-01 04:14:38 INFO [worker-6] scheduled job finished path=/api/v1/item/60
2026-09-01 04:15:45 WARN [worker-7] slow response 2645ms
2026-09-01 04:16:52 INFO [worker-0] scheduled job finished path=/api/v1/item/62
2026-09-01 04:17:59 INFO [worker-1] request served path=/api/v1/item/63
2026-09-01 04:18:06 INFO [worker-2] scheduled job finished path=/api/v1/item/64
2026-09-01 04:19:13 INFO [worker-3] cache hit path=/api/v1/item/65
2026-09-01 04:20:20 WARN [worker-4] slow response 671ms
2026-09-01 04:21:27 WARN [worker-5] slow response 1977ms
2026-09-01 04:22:34 INFO [worker-6] worker heartbeat path=/api/v1/item/68
2026-09-01 04:23:41 INFO [worker-7] scheduled job finished path=/api/v1/item/69
2026-09-01 04:24:48 ERROR [worker-0] connection reset by peer (req=8184)
2026-09-01 04:25:55 INFO [worker-1] cache hit path=/api/v1/item/71
2026-09-01 04:26:02 INFO [worker-2] request served path=/api/v1/item/72
2026-09-01 04:27:09 INFO [worker-3] request served path=/api/v1/item/73
2026-09-01 04:28:16 INFO [worker-4] scheduled job finished path=/api/v1/item/74
2026-09-01 04:29:23 INFO [worker-5] request served path=/api/v1/item/75
2026-09-01 04:30:30 INFO [worker-6] request served path=/api/v1/item/76
2026-09-01 04:31:37 INFO [worker-7] worker heartbeat path=/api/v1/item/77
2026-09-01 04:32:44 INFO [worker-0] request served path=/api/v1/item/78
2026-09-01 04:33:51 INFO [worker-1] cache hit path=/api/v1/item/79
2026-09-01 04:34:58 INFO [worker-2] cache hit path=/api/v1/item/80
2026-09-01 04:35:05 INFO [worker-3] worker heartbeat path=/api/v1/item/81
2026-09-01 04:36:12 INFO [worker-4] worker heartbeat path=/api/v1/item/82
2026-09-01 04:37:19 ERROR [worker-5] disk quota exceeded (req=8587)
2026-09-01 04:38:26 INFO [worker-6] request served path=/api/v1/item/84
2026-09-01 04:39:33 INFO [worker-7] cache hit path=/api/v1/item/85
2026-09-01 04:40:40 ERROR [worker-0] connection reset by peer (req=8680)
2026-09-01 04:41:47 INFO [worker-1] cache miss path=/api/v1/item/87
2026-09-01 04:42:54 INFO [worker-2] cache hit path=/api/v1/item/88
2026-09-01 04:43:01 ERROR [worker-3] connection reset by peer (req=8773)
2026-09-01 04:44:08 INFO [worker-4] request served path=/api/v1/item/90
2026-09-01 04:45:15 INFO [worker-5] worker heartbeat path=/api/v1/item/91
2026-09-01 04:46:22 INFO [worker-6] scheduled job finished path=/api/v1/item/92
2026-09-01 04:47:29 INFO [worker-7] worker heartbeat path=/api/v1/item/93
2026-09-01 04:48:36 INFO [worker-0] request served path=/api/v1/item/94
2026-09-01 04:49:43 INFO [worker-1] scheduled job finished path=/api/v1/item/95
2026-09-01 04:50:50 WARN [worker-2] slow response 851ms
2026-09-01 04:51:57 INFO [worker-3] request served path=/api/v1/item/0
2026-09-01 04:52:04 INFO [worker-4] request served path=/api/v1/item/1
2026-09-01 04:53:11 INFO [worker-5] worker heartbeat path=/api/v1/item/2
2026-09-01 04:54:18 INFO [worker-6] worker heartbeat path=/api/v1/item/3
2026-09-01 04:55:25 INFO [worker-7] cache hit path=/api/v1/item/4
2026-09-01 04:56:32 ERROR [worker-0] connection reset by peer (req=9176)
2026-09-01 04:57:39 INFO [worker-1] cache miss path=/api/v1/item/6
2026-09-01 04:58:46 INFO [worker-2] cache hit path=/api/v1/item/7
2026-09-01 04:59:53 INFO [worker-3] scheduled job finished path=/api/v1/item/8
2026-09-01 05:00:00 INFO [worker-4] request served path=/api/v1/item/9
2026-09-01 05:01:07 INFO [worker-5] cache hit path=/api/v1/item/10
2026-09-01 05:02:14 INFO [worker-6] worker heartbeat path=/api/v1/item/11
2026-09-01 05:03:21 INFO [worker-7] cache hit path=/api/v1/item/12
2026-09-01 05:04:28 ERROR [worker-0] timeout waiting for upstream (req=9424)
2026-09-01 05:05:35 INFO [worker-1] cache miss path=/api/v1/item/14
2026-09-01 05:06:42 INFO [worker-2] worker heartbeat path=/api/v1/item/15
2026-09-01 05:07:49 INFO [worker-3] cache miss path=/api/v1/item/16
2026-09-01 05:08:56 WARN [worker-4] slow response 1857ms
2026-09-01 05:09:03 ERROR [worker-5] invalid session token (req=9579)
2026-09-01 05:10:10 INFO [worker-6] request served path=/api/v1/item/19
2026-09-01 05:11:17 INFO [worker-7] cache hit path=/api/v1/item/20
2026-09-01 05:12:24 INFO [worker-0] cache miss path=/api/v1/item/21
2026-09-01 05:13:31 INFO [worker-1] request served path=/api/v1/item/22
2026-09-01 05:14:38 INFO [worker-2] scheduled job finished path=/api/v1/item/23
2026-09-01 05:15:45 ERROR [worker-3] disk quota exceeded (req=9765)
2026-09-01 05:16:52 INFO [worker-4] request served path=/api/v1/item/25
2026-09-01 05:17:59 INFO [worker-5] request served path=/api/v1/item/26
2026-09-01 05:18:06 INFO [worker-6] cache miss path=/api/v1/item/27
2026-09-01 05:19:13 INFO [worker-7] cache hit path=/api/v1/item/28
2026-09-01 05:20:20 INFO [worker-0] cache miss path=/api/v1/item/29
2026-09-01 05:21:27 INFO [worker-1] cache miss path=/api/v1/item/30
2026-09-01 05:22:34 WARN [worker-2] slow response 2029ms
2026-09-01 05:23:41 INFO [worker-3] worker heartbeat path=/api/v1/item/32
2026-09-01 05:24:48 INFO [worker-4] worker heartbeat path=/api/v1/item/33
2026-09-01 05:25:55 INFO [worker-5] scheduled job finished path=/api/v1/item/34
2026-09-01 05:26:02 INFO [worker-6] request served path=/api/v1/item/35
2026-09-01 05:27:09 ERROR [worker-7] invalid session token (req=10137)
2026-09-01 05:28:16 INFO [worker-0] cache hit path=/api/v1/item/37
2026-09-01 05:29:23 INFO [worker-1] cache miss path=/api/v1/item/38
2026-09-01 05:30:30 INFO [worker-2] scheduled job finished path=/api/v1/item/39
2026-09-01 05:31:37 WARN [worker-3] slow response 2434ms
2026-09-01 05:32:44 INFO [worker-4] cache miss path=/api/v1/item/41
2026-09-01 05:33:51 INFO [worker-5] cache miss path=/api/v1/item/42
2026-09-01 05:34:58 INFO [worker-6] cache hit path=/api/v1/item/43
2026-09-01 05:35:05 INFO [worker-7] scheduled job finished path=/api/v1/item/44
2026-09-01 05:36:12 INFO [worker-0] request served path=/api/v1/item/45
2026-09-01 05:37:19 WARN [worker-1] slow response 1162ms
2026-09-01 05:38:26 ERROR [worker-2] timeout waiting for upstream (req=10478)
2026-09-01 05:39:33 INFO [worker-3] scheduled job finished path=/api/v1/item/48
2026-09-01 05:40:40 INFO [worker-4] cache miss path=/api/v1/item/49
2026-09-01 05:41:47 INFO [worker-5] worker heartbeat path=/api/v1/item/50
2026-09-01 05:42:54 INFO [worker-6] scheduled job finished path=/api/v1/item/51
2026-09-01 05:43:01 WARN [worker-7] slow response 871ms
2026-09-01 05:44:08 WARN [worker-0] slow response 2776ms
2026-09-01 05:45:15 WARN [worker-1] slow response 1479ms
2026-09-01 05:46:22 INFO [worker-2] scheduled job finished path=/api/v1/item/55
2026-09-01 05:47:29 INFO [worker-3] request served path=/api/v1/item/56
2026-09-01 05:48:36 INFO [worker-4] worker heartbeat path=/api/v1/item/57
2026-09-01 05:49:43 INFO [worker-5] scheduled job finished path=/api/v1/item/58
2026-09-01 05:50:50 INFO [worker-6] cache miss path=/api/v1/item/59
2026-09-01 05:51:57 INFO [worker-7] request served path=/api/v1/item/60
2026-09-01 05:52:04 INFO [worker-0] scheduled job finished path=/api/v1/item/61
2026-09-01 05:53:11 INFO [worker-1] cache hit path=/api/v1/item/62
2026-09-01 05:54:18 INFO [worker-2] scheduled job finished path=/api/v1/item/63
2026-09-01 05:55:25 INFO [worker-3] cache hit path=/api/v1/item/64
2026-09-01 05:56:32 WARN [worker-4] slow response 1517ms
2026-09-01 05:57:39 INFO [worker-5] worker heartbeat path=/api/v1/item/66
2026-09-01 05:58:46 INFO [worker-6] cache miss path=/api/v1/item/67
2026-09-01 05:59:53 INFO [worker-7] request served path=/api/v1/item/68
2026-09-01 06:00:00 WARN [worker-0] slow response 2241ms
2026-09-01 06:01:07 INFO [worker-1] worker heartbeat path=/api/v1/item/70
2026-09-01 06:02:14 INFO [worker-2] worker heartbeat path=/api/v1/item/71
2026-09-01 06:03:21 ERROR [worker-3] connection reset by peer (req=11253)
2026-09-01 06:04:28 INFO [worker-4] scheduled job finished path=/api/v1/item/73
2026-09-01 06:05:35 INFO [worker-5] worker heartbeat path=/api/v1/item/74
2026-09-01 06:06:42 INFO [worker-6] request served path=/api/v1/item/75
2026-09-01 06:07:49 INFO [worker-7] cache hit path=/api/v1/item/76
2026-09-01 06:08:56 INFO [worker-0] request served path=/api/v1/item/77
2026-09-01 06:09:03 INFO [worker-1] worker heartbeat path=/api/v1/item/78
2026-09-01 06:10:10 WARN [worker-2] slow response 661ms
2026-09-01 06:11:17 ERROR [worker-3] connection reset by peer (req=11501)
2026-09-01 06:12:24 INFO [worker-4] request served path=/api/v1/item/81
2026-09-01 06:13:31 INFO [worker-5] cache miss path=/api/v1/item/82
2026-09-01 06:14:38 INFO [worker-6] cache miss path=/api/v1/item/83
2026-09-01 06:15:45 INFO [worker-7] worker heartbeat path=/api/v1/item/84
2026-09-01 06:16:52 INFO [worker-0] request served path=/api/v1/item/85
2026-09-01 06:17:59 WARN [worker-1] slow response 1730ms
2026-09-01 06:18:06 INFO [worker-2] scheduled job finished path=/api/v1/item/87
2026-09-01 06:19:13 WARN [worker-3] slow response 1568ms
2026-09-01 06:20:20 INFO [worker-4] scheduled job finished path=/api/v1/item/89
2026-09-01 06:21:27 ERROR [worker-5] timeout waiting for upstream (req=11811)
2026-09-01 06:22:34 INFO [worker-6] cache miss path=/api/v1/item/91
2026-09-01 06:23:41 INFO [worker-7] cache hit path=/api/v1/item/92
2026-09-01 06:24:48 INFO [worker-0] cache hit path=/api/v1/item/93
2026-09-01 06:25:55 INFO [worker-1] request served path=/api/v1/item/94
2026-09-01 06:26:02 INFO [worker-2] cache miss path=/api/v1/item/95
2026-09-01 06:27:09 ERROR [worker-3] connection reset by peer (req=11997)
2026-09-01 06:28:16 INFO [worker-4] worker heartbeat path=/api/v1/item/0
2026-09-01 06:29:23 WARN [worker-5] slow response 1433ms
2026-09-01 06:30:30 INFO [worker-6] cache miss path=/api/v1/item/2
2026-09-01 06:31:37 INFO [worker-7] request served path=/api/v1/item/3
2026-09-01 06:32:44 INFO [worker-0] worker heartbeat path=/api/v1/item/4
2026-09-01 06:33:51 INFO [worker-1] worker heartbeat path=/api/v1/item/5
2026-09-01 06:34:58 WARN [worker-2] slow response 1696ms
2026-09-01 06:35:05 INFO [worker-3] scheduled job finished path=/api/v1/item/7
2026-09-01 06:36:12 ERROR [worker-4] timeout waiting for upstream (req=12276)
2026-09-01 06:37:19 INFO [worker-5] cache hit path=/api/v1/item/9
2026-09-01 06:38:26 INFO [worker-6] cache hit path=/api/v1/item/10
2026-09-01 06:39:33 INFO [worker-7] cache miss path=/api/v1/item/11
2026-09-01 06:40:40 WARN [worker-0] slow response 2530ms
2026-09-01 06:41:47 INFO [worker-1] cache hit path=/api/v1/item/13
2026-09-01 06:42:54 INFO [worker-2] request served path=/api/v1/item/14
2026-09-01 06:43:01 INFO [worker-3] cache hit path=/api/v1/item/15
2026-09-01 06:44:08 INFO [worker-4] request served path=/api/v1/item/16
2026-09-01 06:45:15 INFO [worker-5] scheduled job finished path=/api/v1/item/17
2026-09-01 06:46:22 WARN [worker-6] slow response 712ms
2026-09-01 06:47:29 INFO [worker-7] cache hit path=/api/v1/item/19
2026-09-01 06:48:36 INFO [worker-0] cache miss path=/api/v1/item/20
2026-09-01 06:49:43 INFO [worker-1] request served path=/api/v1/item/21
2026-09-01 06:50:50 INFO [worker-2] cache miss path=/api/v1/item/22
2026-09-01 06:51:57 WARN [worker-3] slow response 2649ms
2026-09-01 06:52:04 INFO [worker-4] request served path=/api/v1/item/24
2026-09-01 06:53:11 INFO [worker-5] worker heartbeat path=/api/v1/item/25
2026-09-01 06:54:18 INFO [worker-6] cache miss path=/api/v1/item/26
2026-09-01 06:55:25 INFO [worker-7] request served path=/api/v1/item/27
2026-09-01 06:56:32 ERROR [worker-0] connection reset by peer (req=12896)
2026-09-01 06:57:39 INFO [worker-1] request served path=/api/v1/item/29
2026-09-01 06:58:46 INFO [worker-2] cache hit path=/api/v1/item/30
2026-09-01 06:59:53 INFO [worker-3] cache miss path=/api/v1/item/31
2026-09-01 07:00:00 INFO [worker-4] worker heartbeat path=/api/v1/item/32
2026-09-01 07:01:07 WARN [worker-5] slow response 2439ms
2026-09-01 07:02:14 WARN [worker-6] slow response 2718ms
2026-09-01 07:03:21 INFO [worker-7] cache hit path=/api/v1/item/35
2026-09-01 07:04:28 INFO [worker-0] worker heartbeat path=/api/v1/item/36
2026-09-01 07:05:35 ERROR [worker-1] connection reset by peer (req=13175)
2026-09-01 07:06:42 INFO [worker-2] worker heartbeat path=/api/v1/item/38
2026-09-01 07:07:49 ERROR [worker-3] connection reset by peer (req=13237)
2026-09-01 07:08:56 ERROR [worker-4] disk quota exceeded (req=13268)
2026-09-01 07:09:03 INFO [worker-5] request served path=/api/v1/item/41
2026-09-01 07:10:10 INFO [worker-6] cache miss path=/api/v1/item/42
2026-09-01 07:11:17 INFO [worker-7] cache miss path=/api/v1/item/43
2026-09-01 07:12:24 INFO [worker-0] scheduled job finished path=/api/v1/item/44
2026-09-01 07:13:31 ERROR [worker-1] invalid session token (req=13423)
2026-09-01 07:14:38 INFO [worker-2] cache miss path=/api/v1/item/46
2026-09-01 07:15:45 INFO [worker-3] scheduled job finished path=/api/v1/item/47
2026-09-01 07:16:52 INFO [worker-4] request served path=/api/v1/item/48
2026-09-01 07:17:59 ERROR [worker-5] connection reset by peer (req=13547)
2026-09-01 07:18:06 INFO [worker-6] worker heartbeat path=/api/v1/item/50
2026-09-01 07:19:13 INFO [worker-7] worker heartbeat path=/api/v1/item/51
2026-09-01 07:20:20 INFO [worker-0] worker heartbeat path=/api/v1/item/52
2026-09-01 07:21:27 INFO [worker-1] cache hit path=/api/v1/item/53
2026-09-01 07:22:34 INFO [worker-2] cache hit path=/api/v1/item/54
2026-09-01 07:23:41 ERROR [worker-3] disk quota exceeded (req=13733)
2026-09-01 07:24:48 INFO [worker-4] cache hit path=/api/v1/item/56
2026-09-01 07:25:55 INFO [worker-5] cache miss path=/api/v1/item/57
2026-09-01 07:26:02 INFO [worker-6] worker heartbeat path=/api/v1/item/58
2026-09-01 07:27:09 INFO [worker-7] scheduled job finished path=/api/v1/item/59
2026-09-01 07:28:16 ERROR [worker-0] connection reset by peer (req=13888)
2026-09-01 07:29:23 INFO [worker-1] cache hit path=/api/v1/item/61
2026-09-01 07:30:30 INFO [worker-2] request served path=/api/v1/item/62
2026-09-01 07:31:37 INFO [worker-3] scheduled job finished path=/api/v1/item/63
2026-09-01 07:32:44 INFO [worker-4] worker heartbeat path=/api/v1/item/64
2026-09-01 07:33:51 INFO [worker-5] request served path=/api/v1/item/65
2026-09-01 07:34:58 INFO [worker-6] request served path=/api/v1/item/66
2026-09-01 07:35:05 INFO [worker-7] worker heartbeat path=/api/v1/item/67
2026-09-01 07:36:12 INFO [worker-0] worker heartbeat path=/api/v1/item/68
2026-09-01 07:37:19 WARN [worker-1] slow response 1044ms
2026-09-01 07:38:26 INFO [worker-2] scheduled job finished path=/api/v1/item/70
2026-09-01 07:39:33 INFO [worker-3] cache hit path=/api/v1/item/71
2026-09-01 07:40:40 INFO [worker-4] request served path=/api/v1/item/72
2026-09-01 07:41:47 INFO [worker-5] cache miss path=/api/v1/item/73
2026-09-01 07:42:54 INFO [worker-6] scheduled job finished path=/api/v1/item/74
2026-09-01 07:43:01 INFO [worker-7] cache miss path=/api/v1/item/75
2026-09-01 07:44:08 INFO [worker-0] cache hit path=/api/v1/item/76
2026-09-01 07:45:15 INFO [worker-1] cache hit path=/api/v1/item/77
2026-09-01 07:46:22 INFO [worker-2] cache hit path=/api/v1/item/78
2026-09-01 07:47:29 INFO [worker-3] scheduled job finished path=/api/v1/item/79
2026-09-01 07:48:36 WARN [worker-4] slow response 765ms
2026-09-01 07:49:43 INFO [worker-5] cache hit path=/api/v1/item/81
2026-09-01 07:50:50 INFO [worker-6] cache hit path=/api/v1/item/82
2026-09-01 07:51:57 INFO [worker-7] request served path=/api/v1/item/83
2026-09-01 07:52:04 INFO [worker-0] request served path=/api/v1/item/84
2026-09-01 07:53:11 WARN [worker-1] slow response 2444ms
2026-09-01 07:54:18 INFO [worker-2] cache hit path=/api/v1/item/86
2026-09-01 07:55:25 INFO [worker-3] cache miss path=/api/v1/item/87
2026-09-01 07:56:32 ERROR [worker-4] connection reset by peer (req=14756)
2026-09-01 07:57:39 WARN [worker-5] slow response 1276ms
2026-09-01 07:58:46 INFO [worker-6] scheduled job finished path=/api/v1/item/90
2026-09-01 07:59:53 WARN [worker-7] slow response 807ms
2026-09-01 08:00:00 INFO [worker-0] cache hit path=/api/v1/item/92
2026-09-01 08:01:07 INFO [worker-1] cache miss path=/api/v1/item/93
2026-09-01 08:02:14 INFO [worker-2] request served path=/api/v1/item/94
2026-09-01 08:03:21 WARN [worker-3] slow response 2941ms
2026-09-01 08:04:28 INFO [worker-4] cache miss path=/api/v1/item/96
2026-09-01 08:05:35 INFO [worker-5] cache miss path=/api/v1/item/0
2026-09-01 08:06:42 INFO [worker-6] request served path=/api/v1/item/1
2026-09-01 08:07:49 INFO [worker-7] cache miss path=/api/v1/item/2
2026-09-01 08:08:56 ERROR [worker-0] invalid session token (req=15128)
2026-09-01 08:09:03 INFO [worker-1] request served path=/api/v1/item/4
2026-09-01 08:10:10 INFO [worker-2] worker heartbeat path=/api/v1/item/5
2026-09-01 08:11:17 INFO [worker-3] cache hit path=/api/v1/item/6
2026-09-01 08:12:24 INFO [worker-4] request served path=/api/v1/item/7
2026-09-01 08:13:31 INFO [worker-5] worker heartbeat path=/api/v1/item/8
2026-09-01 08:14:38 INFO [worker-6] request served path=/api/v1/item/9
2026-09-01 08:15:45 INFO [worker-7] worker heartbeat path=/api/v1/item/10
2026-09-01 08:16:52 INFO [worker-0] cache hit path=/api/v1/item/11
2026-09-01 08:17:59 INFO [worker-1] request served path=/api/v1/item/12
2026-09-01 08:18:06 INFO [worker-2] worker heartbeat path=/api/v1/item/13
2026-09-01 08:19:13 INFO [worker-3] worker heartbeat path=/api/v1/item/14
2026-09-01 08:20:20 INFO [worker-4] cache miss path=/api/v1/item/15
2026-09-01 08:21:27 INFO [worker-5] request served path=/api/v1/item/16
2026-09-01 08:22:34 INFO [worker-6] scheduled job finished path=/api/v1/item/17
2026-09-01 08:23:41 INFO [worker-7] worker heartbeat path=/api/v1/item/18
2026-09-01 08:24:48 INFO [worker-0] cache miss path=/api/v1/item/19
2026-09-01 08:25:55 INFO [worker-1] worker heartbeat path=/api/v1/item/20
2026-09-01 08:26:02 INFO [worker-2] cache hit path=/api/v1/item/21
2026-09-01 08:27:09 INFO [worker-3] worker heartbeat path=/api/v1/item/22
2026-09-01 08:28:16 INFO [worker-4] worker heartbeat path=/api/v1/item/23
2026-09-01 08:29:23 WARN [worker-5] slow response 870ms
2026-09-01 08:30:30 INFO [worker-6] cache miss path=/api/v1/item/25
2026-09-01 08:31:37 INFO [worker-7] cache hit path=/api/v1/item/26
2026-09-01 08:32:44 WARN [worker-0] slow response 711ms
2026-09-01 08:33:51 INFO [worker-1] worker heartbeat path=/api/v1/item/28
2026-09-01 08:34:58 WARN [worker-2] slow response 2018ms
2026-09-01 08:35:05 INFO [worker-3] cache hit path=/api/v1/item/30
2026-09-01 08:36:12 WARN [worker-4] slow response 1660ms
2026-09-01 08:37:19 WARN [worker-5] slow response 1203ms
2026-09-01 08:38:26 INFO [worker-6] request served path=/api/v1/item/33
2026-09-01 08:39:33 INFO [worker-7] cache hit path=/api/v1/item/34
2026-09-01 08:40:40 INFO [worker-0] request served path=/api/v1/item/35
2026-09-01 08:41:47 INFO [worker-1] worker heartbeat path=/api/v1/item/36
2026-09-01 08:42:54 INFO [worker-2] scheduled job finished path=/api/v1/item/37
2026-09-01 08:43:01 INFO [worker-3] worker heartbeat path=/api/v1/item/38
2026-09-01 08:44:08 WARN [worker-4] slow response 1156ms
2026-09-01 08:45:15 INFO [worker-5] cache hit path=/api/v1/item/40
2026-09-01 08:46:22 INFO [worker-6] scheduled job finished path=/api/v1/item/41
2026-09-01 08:47:29 INFO [worker-7] worker heartbeat path=/api/v1/item/42
2026-09-01 08:48:36 WARN [worker-0] slow response 1393ms
2026-09-01 08:49:43 ERROR [worker-1] disk quota exceeded (req=16399)
2026-09-01 08:50:50 WARN [worker-2] slow response 1971ms
2026-09-01 08:51:57 WARN [worker-3] slow response 1511ms
2026-09-01 08:52:04 INFO [worker-4] cache hit path=/api/v1/item/47
2026-09-01 08:53:11 ERROR [worker-5] timeout waiting for upstream (req=16523)
2026-09-01 08:54:18 INFO [worker-6] request served path=/api/v1/item/49
2026-09-01 08:55:25 INFO [worker-7] cache miss path=/api/v1/item/50
2026-09-01 08:56:32 WARN [worker-0] slow response 2955ms
2026-09-01 08:57:39 INFO [worker-1] cache miss path=/api/v1/item/52
2026-09-01 08:58:46 INFO [worker-2] cache miss path=/api/v1/item/53
2026-09-01 08:59:53 INFO [worker-3] worker heartbeat path=/api/v1/item/54
2026-09-01 09:00:00 INFO [worker-4] cache miss path=/api/v1/item/55
2026-09-01 09:01:07 INFO [worker-5] worker heartbeat path=/api/v1/item/56
2026-09-01 09:02:14 WARN [worker-6] slow response 514ms
2026-09-01 09:03:21 INFO [worker-7] worker heartbeat path=/api/v1/item/58
2026-09-01 09:04:28 INFO [worker-0] worker heartbeat path=/api/v1/item/59
2026-09-01 09:05:35 INFO [worker-1] worker heartbeat path=/api/v1/item/60
2026-09-01 09:06:42 INFO [worker-2] worker heartbeat path=/api/v1/item/61
2026-09-01 09:07:49 INFO [worker-3] request served path=/api/v1/item/62
2026-09-01 09:08:56 WARN [worker-4] slow response 2263ms
2026-09-01 09:09:03 INFO [worker-5] worker heartbeat path=/api/v1/item/64
2026-09-01 09:10:10 INFO [worker-6] request served path=/api/v1/item/65
2026-09-01 09:11:17 ERROR [worker-7] connection reset by peer (req=17081)
2026-09-01 09:12:24 INFO [worker-0] cache miss path=/api/v1/item/67
2026-09-01 09:13:31 INFO [worker-1] scheduled job finished path=/api/v1/item/68
2026-09-01 09:14:38 ERROR [worker-2] invalid session token (req=17174)
2026-09-01 09:15:45 INFO [worker-3] cache hit path=/api/v1/item/70
2026-09-01 09:16:52 ERROR [worker-4] connection reset by peer (req=17236)
2026-09-01 09:17:59 INFO [worker-5] request served path=/api/v1/item/72
2026-09-01 09:18:06 WARN [worker-6] slow response 2514ms
2026-09-01 09:19:13 INFO [worker-7] cache hit path=/api/v1/item/74
2026-09-01 09:20:20 INFO [worker-0] cache hit path=/api/v1/item/75
2026-09-01 09:21:27 ERROR [worker-1] connection reset by peer (req=17391)
2026-09-01 09:22:34 INFO [worker-2] cache hit path=/api/v1/item/77
2026-09-01 09:23:41 INFO [worker-3] scheduled job finished path=/api/v1/item/78
2026-09-01 09:24:48 INFO [worker-4] worker heartbeat path=/api/v1/item/79
2026-09-01 09:25:55 WARN [worker-5] slow response 2557ms
2026-09-01 09:26:02 INFO [worker-6] worker heartbeat path=/api/v1/item/81
2026-09-01 09:27:09 INFO [worker-7] cache miss path=/api/v1/item/82
2026-09-01 09:28:16 INFO [worker-0] cache hit path=/api/v1/item/83
2026-09-01 09:29:23 INFO [worker-1] request served path=/api/v1/item/84
2026-09-01 09:30:30 WARN [worker-2] slow response 2152ms
2026-09-01 09:31:37 WARN [worker-3] slow response 1639ms
2026-09-01 09:32:44 INFO [worker-4] worker heartbeat path=/api/v1/item/87
2026-09-01 09:33:51 WARN [worker-5] slow response 1582ms
2026-09-01 09:34:58 WARN [worker-6] slow response 2673ms
2026-09-01 09:35:05 ERROR [worker-7] invalid session token (req=17825)
2026-09-01 09:36:12 INFO [worker-0] worker heartbeat path=/api/v1/item/91
2026-09-01 09:37:19 INFO [worker-1] scheduled job finished path=/api/v1/item/92
2026-09-01 09:38:26 INFO [worker-2] request served path=/api/v1/item/93
2026-09-01 09:39:33 INFO [worker-3] scheduled job finished path=/api/v1/item/94
2026-09-01 09:40:40 INFO [worker-4] worker heartbeat path=/api/v1/item/95
2026-09-01 09:41:47 INFO [worker-5] cache miss path=/api/v1/item/96
2026-09-01 09:42:54 INFO [worker-6] cache miss path=/api/v1/item/0
2026-09-01 09:43:01 INFO [worker-7] cache miss path=/api/v1/item/1
2026-09-01 09:44:08 INFO [worker-0] request served path=/api/v1/item/2
2026-09-01 09:45:15 INFO [worker-1] cache hit path=/api/v1/item/3
2026-09-01 09:46:22 INFO [worker-2] request served path=/api/v1/item/4
2026-09-01 09:47:29 INFO [worker-3] scheduled job finished path=/api/v1/item/5
2026-09-01 09:48:36 INFO [worker-4] scheduled job finished path=/api/v1/item/6
2026-09-01 09:49:43 INFO [worker-5] cache miss path=/api/v1/item/7
2026-09-01 09:50:50 INFO [worker-6] request served path=/api/v1/item/8
2026-09-01 09:51:57 INFO [worker-7] cache miss path=/api/v1/item/9
2026-09-01 09:52:04 INFO [worker-0] worker heartbeat path=/api/v1/item/10
2026-09-01 09:53:11 INFO [worker-1] cache miss path=/api/v1/item/11
2026-09-01 09:54:18 INFO [worker-2] cache hit path=/api/v1/item/12
2026-09-01 09:55:25 INFO [worker-3] scheduled job finished path=/api/v1/item/13
2026-09-01 09:56:32 INFO [worker-4] request served path=/api/v1/item/14
2026-09-01 09:57:39 ERROR [worker-5] timeout waiting for upstream (req=18507)
2026-09-01 09:58:46 INFO [worker-6] scheduled job finished path=/api/v1/item/16
2026-09-01 09:59:53 INFO [worker-7] cache hit path=/api/v1/item/17
2026-09-01 10:00:00 INFO [worker-0] cache miss path=/api/v1/item/18
2026-09-01 10:01:07 INFO [worker-1] cache hit path=/api/v1/item/19
2026-09-01 10:02:14 INFO [worker-2] worker heartbeat path=/api/v1/item/20
2026-09-01 10:03:21 WARN [worker-3] slow response 557ms
2026-09-01 10:04:28 INFO [worker-4] cache hit path=/api/v1/item/22
2026-09-01 10:05:35 INFO [worker-5] worker heartbeat path=/api/v1/item/23
2026-09-01 10:06:42 WARN [worker-6] slow response 1092ms
2026-09-01 10:07:49 INFO [worker-7] cache miss path=/api/v1/item/25
2026-09-01 10:08:56 INFO [worker-0] cache miss path=/api/v1/item/26
2026-09-01 10:09:03 INFO [worker-1] request served path=/api/v1/item/27
2026-09-01 10:10:10 INFO [worker-2] scheduled job finished path=/api/v1/item/28
2026-09-01 10:11:17 INFO [worker-3] scheduled job finished path=/api/v1/item/29
2026-09-01 10:12:24 INFO [worker-4] worker heartbeat path=/api/v1/item/30
2026-09-01 10:13:31 INFO [worker-5] scheduled job finished path=/api/v1/item/31
2026-09-01 10:14:38 INFO [worker-6] cache hit path=/api/v1/item/32
2026-09-01 10:15:45 WARN [worker-7] slow response 501ms
2026-09-01 10:16:52 ERROR [worker-0] timeout waiting for upstream (req=19096)
2026-09-01 10:17:59 INFO [worker-1] cache hit path=/api/v1/item/35
2026-09-01 10:18:06 WARN [worker-2] slow response 929ms
2026-09-01 10:19:13 ERROR [worker-3] timeout waiting for upstream (req=19189)
2026-09-01 10:20:20 INFO [worker-4] cache hit path=/api/v1/item/38
2026-09-01 10:21:27 INFO [worker-5] scheduled job finished path=/api/v1/item/39
2026-09-01 10:22:34 INFO [worker-6] scheduled job finished path=/api/v1/item/40
2026-09-01 10:23:41 INFO [worker-7] worker heartbeat path=/api/v1/item/41
2026-09-01 10:24:48 INFO [worker-0] cache hit path=/api/v1/item/42
2026-09-01 10:25:55 INFO [worker-1] request served path=/api/v1/item/43
2026-09-01 10:26:02 INFO [worker-2] request served path=/api/v1/item/44
2026-09-01 10:27:09 INFO [worker-3] worker heartbeat path=/api/v1/item/45
2026-09-01 10:28:16 INFO [worker-4] request served path=/api/v1/item/46
2026-09-01 10:29:23 INFO [worker-5] worker heartbeat path=/api/v1/item/47
2026-09-01 10:30:30 INFO [worker-6] worker heartbeat path=/api/v1/item/48
2026-09-01 10:31:37 WARN [worker-7] slow response 2353ms
2026-09-01 10:32:44 WARN [worker-0] slow response 931ms
2026-09-01 10:33:51 INFO [worker-1] request served path=/api/v1/item/51
2026-09-01 10:34:58 WARN [worker-2] slow response 1578ms
2026-09-01 10:35:05 INFO [worker-3] cache miss path=/api/v1/item/53
2026-09-01 10:36:12 INFO [worker-4] worker heartbeat path=/api/v1/item/54
2026-09-01 10:37:19 INFO [worker-5] scheduled job finished path=/api/v1/item/55
2026-09-01 10:38:26 INFO [worker-6] cache miss path=/api/v1/item/56
2026-09-01 10:39:33 INFO [worker-7] cache hit path=/api/v1/item/57
2026-09-01 10:40:40 WARN [worker-0] slow response 2578ms
2026-09-01 10:41:47 ERROR [worker-1] connection reset by peer (req=19871)
2026-09-01 10:42:54 INFO [worker-2] cache hit path=/api/v1/item/60
2026-09-01 10:43:01 INFO [worker-3] cache miss path=/api/v1/item/61
2026-09-01 10:44:08 WARN [worker-4] slow response 2092ms
2026-09-01 10:45:15 INFO [worker-5] cache hit path=/api/v1/item/63
2026-09-01 10:46:22 INFO [worker-6] scheduled job finished path=/api/v1/item/64
2026-09-01 10:47:29 INFO [worker-7] scheduled job finished path=/api/v1/item/65
2026-09-01 10:48:36 INFO [worker-0] request served path=/api/v1/item/66
2026-09-01 10:49:43 INFO [worker-1] cache hit path=/api/v1/item/67
2026-09-01 10:50:50 INFO [worker-2] cache miss path=/api/v1/item/68
2026-09-01 10:51:57 INFO [worker-3] worker heartbeat path=/api/v1/item/69
2026-09-01 10:52:04 INFO [worker-4] request served path=/api/v1/item/70
2026-09-01 10:53:11 INFO [worker-5] cache hit path=/api/v1/item/71
2026-09-01 10:54:18 WARN [worker-6] slow response 610ms
2026-09-01 10:55:25 WARN [worker-7] slow response 1162ms
2026-09-01 10:56:32 INFO [worker-0] cache hit path=/api/v1/item/74
2026-09-01 10:57:39 INFO [worker-1] request served path=/api/v1/item/75
2026-09-01 10:58:46 ERROR [worker-2] timeout waiting for upstream (req=20398)
2026-09-01 10:59:53 INFO [worker-3] request served path=/api/v1/item/77
2026-09-01 11:00:00 INFO [worker-4] request served path=/api/v1/item/78
2026-09-01 11:01:07 INFO [worker-5] cache miss path=/api/v1/item/79
2026-09-01 11:02:14 WARN [worker-6] slow response 2686ms
2026-09-01 11:03:21 INFO [worker-7] request served path=/api/v1/item/81
2026-09-01 11:04:28 INFO [worker-0] worker heartbeat path=/api/v1/item/82
2026-09-01 11:05:35 WARN [worker-1] slow response 1342ms
2026-09-01 11:06:42 INFO [worker-2] request served path=/api/v1/item/84
2026-09-01 11:07:49 ERROR [worker-3] invalid session token (req=20677)
2026-09-01 11:08:56 INFO [worker-4] request served path=/api/v1/item/86
2026-09-01 11:09:03 INFO [worker-5] cache miss path=/api/v1/item/87
2026-09-01 11:10:10 INFO [worker-6] cache hit path=/api/v1/item/88
2026-09-01 11:11:17 WARN [worker-7] slow response 1339ms
2026-09-01 11:12:24 INFO [worker-0] cache miss path=/api/v1/item/90
2026-09-01 11:13:31 INFO [worker-1] request served path=/api/v1/item/91
2026-09-01 11:14:38 INFO [worker-2] cache miss path=/api/v1/item/92
2026-09-01 11:15:45 ERROR [worker-3] invalid session token (req=20925)
2026-09-01 11:16:52 INFO [worker-4] scheduled job finished path=/api/v1/item/94
2026-09-01 11:17:59 INFO [worker-5] cache miss path=/api/v1/item/95
2026-09-01 11:18:06 INFO [worker-6] request served path=/api/v1/item/96
2026-09-01 11:19:13 INFO [worker-7] request served path=/api/v1/item/0
2026-09-01 11:20:20 INFO [worker-0] request served path=/api/v1/item/1
2026-09-01 11:21:27 INFO [worker-1] request served path=/api/v1/item/2
2026-09-01 11:22:34 INFO [worker-2] cache hit path=/api/v1/item/3
2026-09-01 11:23:41 INFO [worker-3] request served path=/api/v1/item/4
2026-09-01 11:24:48 INFO [worker-4] cache miss path=/api/v1/item/5
2026-09-01 11:25:55 WARN [worker-5] slow response 505ms
2026-09-01 11:26:02 INFO [worker-6] cache miss path=/api/v1/item/7
2026-09-01 11:27:09 INFO [worker-7] request served path=/api/v1/item/8
2026-09-01 11:28:16 ERROR [worker-0] timeout waiting for upstream (req=21328)
2026-09-01 11:29:23 INFO [worker-1] cache hit path=/api/v1/item/10
2026-09-01 11:30:30 INFO [worker-2] scheduled job finished path=/api/v1/item/11
2026-09-01 11:31:37 INFO [worker-3] scheduled job finished path=/api/v1/item/12
2026-09-01 11:32:44 INFO [worker-4] cache hit path=/api/v1/item/13
2026-09-01 11:33:51 INFO [worker-5] cache hit path=/api/v1/item/14
2026-09-01 11:34:58 INFO [worker-6] cache hit path=/api/v1/item/15
2026-09-01 11:35:05 INFO [worker-7] request served path=/api/v1/item/16
2026-09-01 11:36:12 INFO [worker-0] request served path=/api/v1/item/17
2026-09-01 11:37:19 INFO [worker-1] scheduled job finished path=/api/v1/item/18
2026-09-01 11:38:26 INFO [worker-2] cache miss path=/api/v1/item/19
2026-09-01 11:39:33 INFO [worker-3] worker heartbeat path=/api/v1/item/20
2026-09-01 11:40:40 INFO [worker-4] request served path=/api/v1/item/21
2026-09-01 11:41:47 INFO [worker-5] request served path=/api/v1/item/22
2026-09-01 11:42:54 INFO [worker-6] cache miss path=/api/v1/item/23
2026-09-01 11:43:01 INFO [worker-7] scheduled job finished path=/api/v1/item/24
2026-09-01 11:44:08 INFO [worker-0] worker heartbeat path=/api/v1/item/25
2026-09-01 11:45:15 INFO [worker-1] cache hit path=/api/v1/item/26
2026-09-01 11:46:22 INFO [worker-2] cache hit path=/api/v1/item/27
2026-09-01 11:47:29 INFO [worker-3] scheduled job finished path=/api/v1/item/28
2026-09-01 11:48:36 INFO [worker-4] cache miss path=/api/v1/item/29
2026-09-01 11:49:43 INFO [worker-5] scheduled job finished path=/api/v1/item/30
2026-09-01 11:50:50 WARN [worker-6] slow response 2344ms
2026-09-01 11:51:57 INFO [worker-7] cache miss path=/api/v1/item/32
2026-09-01 11:52:04 WARN [worker-0] slow response 2297ms
2026-09-01 11:53:11 INFO [worker-1] cache miss path=/api/v1/item/34
2026-09-01 11:54:18 INFO [worker-2] cache hit path=/api/v1/item/35
2026-09-01 11:55:25 INFO [worker-3] cache hit path=/api/v1/item/36
2026-09-01 11:56:32 INFO [worker-4] cache miss path=/api/v1/item/37
2026-09-01 11:57:39 INFO [worker-5] scheduled job finished path=/api/v1/item/38
2026-09-01 11:58:46 WARN [worker-6] slow response 1138ms
2026-09-01 11:59:53 INFO [worker-7] cache miss path=/api/v1/item/40
2026-09-01 12:00:00 INFO [worker-0] cache miss path=/api/v1/item/41
2026-09-01 12:01:07 WARN [worker-1] slow response 1843ms
2026-09-01 12:02:14 INFO [worker-2] cache miss path=/api/v1/item/43
2026-09-01 12:03:21 INFO [worker-3] request served path=/api/v1/item/44
2026-09-01 12:04:28 WARN [worker-4] slow response 916ms
2026-09-01 12:05:35 WARN [worker-5] slow response 1118ms
2026-09-01 12:06:42 INFO [worker-6] cache miss path=/api/v1/item/47
2026-09-01 12:07:49 INFO [worker-7] worker heartbeat path=/api/v1/item/48
2026-09-01 12:08:56 INFO [worker-0] request served path=/api/v1/item/49
2026-09-01 12:09:03 INFO [worker-1] request served path=/api/v1/item/50
2026-09-01 12:10:10 INFO [worker-2] worker heartbeat path=/api/v1/item/51
2026-09-01 12:11:17 INFO [worker-3] request served path=/api/v1/item/52
2026-09-01 12:12:24 INFO [worker-4] worker heartbeat path=/api/v1/item/53
2026-09-01 12:13:31 INFO [worker-5] scheduled job finished path=/api/v1/item/54
2026-09-01 12:14:38 INFO [worker-6] cache miss path=/api/v1/item/55
2026-09-01 12:15:45 INFO [worker-7] cache hit path=/api/v1/item/56
2026-09-01 12:16:52 INFO [worker-0] worker heartbeat path=/api/v1/item/57
2026-09-01 12:17:59 ERROR [worker-1] connection reset by peer (req=22847)
2026-09-01 12:18:06 INFO [worker-2] scheduled job finished path=/api/v1/item/59
2026-09-01 12:19:13 INFO [worker-3] worker heartbeat path=/api/v1/item/60
2026-09-01 12:20:20 INFO [worker-4] scheduled job finished path=/api/v1/item/61
2026-09-01 12:21:27 INFO [worker-5] cache hit path=/api/v1/item/62
2026-09-01 12:22:34 INFO [worker-6] worker heartbeat path=/api/v1/item/63
2026-09-01 12:23:41 INFO [worker-7] cache miss path=/api/v1/item/64
2026-09-01 12:24:48 INFO [worker-0] request served path=/api/v1/item/65
2026-09-01 12:25:55 INFO [worker-1] cache hit path=/api/v1/item/66
2026-09-01 12:26:02 INFO [worker-2] cache hit path=/api/v1/item/67
2026-09-01 12:27:09 INFO [worker-3] worker heartbeat path=/api/v1/item/68
2026-09-01 12:28:16 INFO [worker-4] request served path=/api/v1/item/69
2026-09-01 12:29:23 INFO [worker-5] worker heartbeat path=/api/v1/item/70
2026-09-01 12:30:30 INFO [worker-6] cache hit path=/api/v1/item/71
2026-09-01 12:31:37 INFO [worker-7] cache miss path=/api/v1/item/72
2026-09-01 12:32:44 INFO [worker-0] worker heartbeat path=/api/v1/item/73
2026-09-01 12:33:51 INFO [worker-1] request served path=/api/v1/item/74
2026-09-01 12:34:58 ERROR [worker-2] timeout waiting for upstream (req=23374)
2026-09-01 12:35:05 WARN [worker-3] slow response 1318ms
2026-09-01 12:36:12 INFO [worker-4] request served path=/api/v1/item/77
2026-09-01 12:37:19 INFO [worker-5] worker heartbeat path=/api/v1/item/78
2026-09-01 12:38:26 INFO [worker-6] worker heartbeat path=/api/v1/item/79
2026-09-01 12:39:33 INFO [worker-7] cache miss path=/api/v1/item/80
2026-09-01 12:40:40 INFO [worker-0] worker heartbeat path=/api/v1/item/81
2026-09-01 12:41:47 INFO [worker-1] worker heartbeat path=/api/v1/item/82
2026-09-01 12:42:54 INFO [worker-2] cache hit path=/api/v1/item/83
2026-09-01 12:43:01 INFO [worker-3] request served path=/api/v1/item/84
2026-09-01 12:44:08 INFO [worker-4] scheduled job finished path=/api/v1/item/85
2026-09-01 12:45:15 INFO [worker-5] request served path=/api/v1/item/86
2026-09-01 12:46:22 INFO [worker-6] worker heartbeat path=/api/v1/item/87
2026-09-01 12:47:29 INFO [worker-7] request served path=/api/v1/item/88
2026-09-01 12:48:36 ERROR [worker-0] disk quota exceeded (req=23808)
2026-09-01 12:49:43 INFO [worker-1] cache miss path=/api/v1/item/90
2026-09-01 12:50:50 INFO [worker-2] request served path=/api/v1/item/91
2026-09-01 12:51:57 INFO [worker-3] worker heartbeat path=/api/v1/item/92
2026-09-01 12:52:04 INFO [worker-4] scheduled job finished path=/api/v1/item/93
2026-09-01 12:53:11 INFO [worker-5] worker heartbeat path=/api/v1/item/94
2026-09-01 12:54:18 INFO [worker-6] cache hit path=/api/v1/item/95
2026-09-01 12:55:25 WARN [worker-7] slow response 782ms
2026-09-01 12:56:32 INFO [worker-0] cache hit path=/api/v1/item/0
2026-09-01 12:57:39 INFO [worker-1] scheduled job finished path=/api/v1/item/1
2026-09-01 12:58:46 INFO [worker-2] cache hit path=/api/v1/item/2
2026-09-01 12:59:53 INFO [worker-3] worker heartbeat path=/api/v1/item/3
2026-09-01 13:00:00 INFO [worker-4] cache miss path=/api/v1/item/4
2026-09-01 13:01:07 INFO [worker-5] cache hit path=/api/v1/item/5
2026-09-01 13:02:14 INFO [worker-6] worker heartbeat path=/api/v1/item/6
2026-09-01 13:03:21 INFO [worker-7] cache hit path=/api/v1/item/7
2026-09-01 13:04:28 INFO [worker-0] worker heartbeat path=/api/v1/item/8
2026-09-01 13:05:35 INFO [worker-1] worker heartbeat path=/api/v1/item/9
2026-09-01 13:06:42 INFO [worker-2] worker heartbeat path=/api/v1/item/10
2026-09-01 13:07:49 ERROR [worker-3] timeout waiting for upstream (req=24397)
2026-09-01 13:08:56 INFO [worker-4] cache hit path=/api/v1/item/12
2026-09-01 13:09:03 INFO [worker-5] cache miss path=/api/v1/item/13
2026-09-01 13:10:10 INFO [worker-6] worker heartbeat path=/api/v1/item/14
2026-09-01 13:11:17 INFO [worker-7] request served path=/api/v1/item/15
2026-09-01 13:12:24 INFO [worker-0] cache miss path=/api/v1/item/16
2026-09-01 13:13:31 WARN [worker-1] slow response 1741ms
2026-09-01 13:14:38 INFO [worker-2] request served path=/api/v1/item/18
2026-09-01 13:15:45 WARN [worker-3] slow response 2812ms
2026-09-01 13:16:52 INFO [worker-4] cache hit path=/api/v1/item/20
2026-09-01 13:17:59 INFO [worker-5] cache miss path=/api/v1/item/21
2026-09-01 13:18:06 INFO [worker-6] request served path=/api/v1/item/22
2026-09-01 13:19:13 INFO [worker-7] cache hit path=/api/v1/item/23
2026-09-01 13:20:20 INFO [worker-0] cache miss path=/api/v1/item/24
2026-09-01 13:21:27 INFO [worker-1] request served path=/api/v1/item/25
2026-09-01 13:22:34 INFO [worker-2] cache hit path=/api/v1/item/26
2026-09-01 13:23:41 WARN [worker-3] slow response 2351ms
2026-09-01 13:24:48 INFO [worker-4] cache hit path=/api/v1/item/28
2026-09-01 13:25:55 INFO [worker-5] worker heartbeat path=/api/v1/item/29
2026-09-01 13:26:02 INFO [worker-6] cache hit path=/api/v1/item/30
2026-09-01 13:27:09 INFO [worker-7] scheduled job finished path=/api/v1/item/31
2026-09-01 13:28:16 INFO [worker-0] request served path=/api/v1/item/32
2026-09-01 13:29:23 INFO [worker-1] scheduled job finished path=/api/v1/item/33
2026-09-01 13:30:30 INFO [worker-2] cache miss path=/api/v1/item/34
2026-09-01 13:31:37 WARN [worker-3] slow response 1372ms
2026-09-01 13:32:44 INFO [worker-4] worker heartbeat path=/api/v1/item/36
2026-09-01 13:33:51 INFO [worker-5] request served path=/api/v1/item/37
2026-09-01 13:34:58 INFO [worker-6] cache miss path=/api/v1/item/38
2026-09-01 13:35:05 INFO [worker-7] cache hit path=/api/v1/item/39
2026-09-01 13:36:12 INFO [worker-0] scheduled job finished path=/api/v1/item/40
2026-09-01 13:37:19 ERROR [worker-1] timeout waiting for upstream (req=25327)
2026-09-01 13:38:26 WARN [worker-2] slow response 2512ms
2026-09-01 13:39:33 INFO [worker-3] cache hit path=/api/v1/item/43
2026-09-01 13:40:40 INFO [worker-4] request served path=/api/v1/item/44
2026-09-01 13:41:47 WARN [worker-5] slow response 1813ms
2026-09-01 13:42:54 INFO [worker-6] scheduled job finished path=/api/v1/item/46
2026-09-01 13:43:01 INFO [worker-7] cache miss path=/api/v1/item/47
2026-09-01 13:44:08 INFO [worker-0] cache miss path=/api/v1/item/48
2026-09-01 13:45:15 INFO [worker-1] request served path=/api/v1/item/49
2026-09-01 13:46:22 WARN [worker-2] slow response 1976ms
2026-09-01 13:47:29 INFO [worker-3] request served path=/api/v1/item/51
2026-09-01 13:48:36 ERROR [worker-4] connection reset by peer (req=25668)
2026-09-01 13:49:43 INFO [worker-5] cache miss path=/api/v1/item/53
2026-09-01 13:50:50 INFO [worker-6] request served path=/api/v1/item/54
2026-09-01 13:51:57 INFO [worker-7] worker heartbeat path=/api/v1/item/55
2026-09-01 13:52:04 INFO [worker-0] cache hit path=/api/v1/item/56
2026-09-01 13:53:11 ERROR [worker-1] timeout waiting for upstream (req=25823)
2026-09-01 13:54:18 INFO [worker-2] cache miss path=/api/v1/item/58
2026-09-01 13:55:25 WARN [worker-3] slow response 1999ms
2026-09-01 13:56:32 INFO [worker-4] scheduled job finished path=/api/v1/item/60
2026-09-01 13:57:39 INFO [worker-5] cache hit path=/api/v1/item/61
2026-09-01 13:58:46 INFO [worker-6] cache miss path=/api/v1/item/62
2026-09-01 13:59:53 INFO [worker-7] scheduled job finished path=/api/v1/item/63
2026-09-01 14:00:00 ERROR [worker-0] connection reset by peer (req=26040)
2026-09-01 14:01:07 INFO [worker-1] worker heartbeat path=/api/v1/item/65
2026-09-01 14:02:14 INFO [worker-2] scheduled job finished path=/api/v1/item/66
2026-09-01 14:03:21 INFO [worker-3] scheduled job finished path=/api/v1/item/67
2026-09-01 14:04:28 INFO [worker-4] cache hit path=/api/v1/item/68
2026-09-01 14:05:35 INFO [worker-5] request served path=/api/v1/item/69
2026-09-01 14:06:42 INFO [worker-6] cache miss path=/api/v1/item/70
2026-09-01 14:07:49 INFO [worker-7] cache hit path=/api/v1/item/71
2026-09-01 14:08:56 INFO [worker-0] request served path=/api/v1/item/72
2026-09-01 14:09:03 INFO [worker-1] request served path=/api/v1/item/73
2026-09-01 14:10:10 INFO [worker-2] scheduled job finished path=/api/v1/item/74
2026-09-01 14:11:17 INFO [worker-3] scheduled job finished path=/api/v1/item/75
2026-09-01 14:12:24 INFO [worker-4] worker heartbeat path=/api/v1/item/76
2026-09-01 14:13:31 INFO [worker-5] request served path=/api/v1/item/77
2026-09-01 14:14:38 ERROR [worker-6] invalid session token (req=26474)
2026-09-01 14:15:45 INFO [worker-7] request served path=/api/v1/item/79
2026-09-01 14:16:52 INFO [worker-0] scheduled job finished path=/api/v1/item/80
2026-09-01 14:17:59 INFO [worker-1] scheduled job finished path=/api/v1/item/81
2026-09-01 14:18:06 WARN [worker-2] slow response 2942ms
2026-09-01 14:19:13 INFO [worker-3] request served path=/api/v1/item/83
2026-09-01 14:20:20 INFO [worker-4] worker heartbeat path=/api/v1/item/84
2026-09-01 14:21:27 INFO [worker-5] cache hit path=/api/v1/item/85
2026-09-01 14:22:34 WARN [worker-6] slow response 1242ms
2026-09-01 14:23:41 INFO [worker-7] worker heartbeat path=/api/v1/item/87
2026-09-01 14:24:48 INFO [worker-0] request served path=/api/v1/item/88
2026-09-01 14:25:55 INFO [worker-1] cache hit path=/api/v1/item/89
2026-09-01 14:26:02 INFO [worker-2] scheduled job finished path=/api/v1/item/90
2026-09-01 14:27:09 INFO [worker-3] cache miss path=/api/v1/item/91
2026-09-01 14:28:16 WARN [worker-4] slow response 640ms
2026-09-01 14:29:23 INFO [worker-5] worker heartbeat path=/api/v1/item/93
2026-09-01 14:30:30 INFO [worker-6] scheduled job finished path=/api/v1/item/94
2026-09-01 14:31:37 INFO [worker-7] request served path=/api/v1/item/95
2026-09-01 14:32:44 INFO [worker-0] scheduled job finished path=/api/v1/item/96
2026-09-01 14:33:51 ERROR [worker-1] connection reset by peer (req=27063)
2026-09-01 14:34:58 INFO [worker-2] scheduled job finished path=/api/v1/item/1
2026-09-01 14:35:05 INFO [worker-3] worker heartbeat path=/api/v1/item/2
2026-09-01 14:36:12 INFO [worker-4] request served path=/api/v1/item/3
2026-09-01 14:37:19 INFO [worker-5] scheduled job finished path=/api/v1/item/4
2026-09-01 14:38:26 INFO [worker-6] cache hit path=/api/v1/item/5
2026-09-01 14:39:33 INFO [worker-7] worker heartbeat path=/api/v1/item/6
2026-09-01 14:40:40 INFO [worker-0] request served path=/api/v1/item/7
2026-09-01 14:41:47 INFO [worker-1] cache hit path=/api/v1/item/8
2026-09-01 14:42:54 INFO [worker-2] request served path=/api/v1/item/9
2026-09-01 14:43:01 INFO [worker-3] request served path=/api/v1/item/10
2026-09-01 14:44:08 INFO [worker-4] request served path=/api/v1/item/11
2026-09-01 14:45:15 INFO [worker-5] request served path=/api/v1/item/12
2026-09-01 14:46:22 INFO [worker-6] request served path=/api/v1/item/13
2026-09-01 14:47:29 WARN [worker-7] slow response 572ms
2026-09-01 14:48:36 INFO [worker-0] scheduled job finished path=/api/v1/item/15
2026-09-01 14:49:43 INFO [worker-1] cache hit path=/api/v1/item/16
2026-09-01 14:50:50 INFO [worker-2] cache miss path=/api/v1/item/17
2026-09-01 14:51:57 INFO [worker-3] cache hit path=/api/v1/item/18
2026-09-01 14:52:04 INFO [worker-4] request served path=/api/v1/item/19
2026-09-01 14:53:11 INFO [worker-5] scheduled job finished path=/api/v1/item/20
2026-09-01 14:54:18 INFO [worker-6] worker heartbeat path=/api/v1/item/21
2026-09-01 14:55:25 INFO [worker-7] cache miss path=/api/v1/item/22
2026-09-01 14:56:32 INFO [worker-0] request served path=/api/v1/item/23
2026-09-01 14:57:39 INFO [worker-1] request served path=/api/v1/item/24
2026-09-01 14:58:46 ERROR [worker-2] invalid session token (req=27838)
2026-09-01 14:59:53 INFO [worker-3] scheduled job finished path=/api/v1/item/26
2026-09-01 15:00:00 ERROR [worker-4] connection reset by peer (req=27900)
2026-09-01 15:01:07 INFO [worker-5] cache hit path=/api/v1/item/28
2026-09-01 15:02:14 INFO [worker-6] worker heartbeat path=/api/v1/item/29
2026-09-01 15:03:21 INFO [worker-7] cache miss path=/api/v1/item/30
2026-09-01 15:04:28 INFO [worker-0] scheduled job finished path=/api/v1/item/31
2026-09-01 15:05:35 INFO [worker-1] worker heartbeat path=/api/v1/item/32
2026-09-01 15:06:42 INFO [worker-2] cache hit path=/api/v1/item/33
2026-09-01 15:07:49 INFO [worker-3] request served path=/api/v1/item/34
2026-09-01 15:08:56 INFO [worker-4] cache hit path=/api/v1/item/35
2026-09-01 15:09:03 INFO [worker-5] worker heartbeat path=/api/v1/item/36
2026-09-01 15:10:10 INFO [worker-6] worker heartbeat path=/api/v1/item/37
2026-09-01 15:11:17 INFO [worker-7] scheduled job finished path=/api/v1/item/38
2026-09-01 15:12:24 INFO [worker-0] cache miss path=/api/v1/item/39
2026-09-01 15:13:31 ERROR [worker-1] disk quota exceeded (req=28303)
2026-09-01 15:14:38 INFO [worker-2] scheduled job finished path=/api/v1/item/41
2026-09-01 15:15:45 INFO [worker-3] scheduled job finished path=/api/v1/item/42
2026-09-01 15:16:52 INFO [worker-4] request served path=/api/v1/item/43
2026-09-01 15:17:59 INFO [worker-5] scheduled job finished path=/api/v1/item/44
2026-09-01 15:18:06 INFO [worker-6] scheduled job finished path=/api/v1/item/45
2026-09-01 15:19:13 INFO [worker-7] cache hit path=/api/v1/item/46
2026-09-01 15:20:20 INFO [worker-0] worker heartbeat path=/api/v1/item/47
2026-09-01 15:21:27 INFO [worker-1] cache hit path=/api/v1/item/48
2026-09-01 15:22:34 INFO [worker-2] cache miss path=/api/v1/item/49
2026-09-01 15:23:41 INFO [worker-3] cache miss path=/api/v1/item/50
2026-09-01 15:24:48 INFO [worker-4] worker heartbeat path=/api/v1/item/51
2026-09-01 15:25:55 WARN [worker-5] slow response 673ms
2026-09-01 15:26:02 INFO [worker-6] cache hit path=/api/v1/item/53
2026-09-01 15:27:09 INFO [worker-7] scheduled job finished path=/api/v1/item/54
2026-09-01 15:28:16 WARN [worker-0] slow response 2743ms
2026-09-01 15:29:23 INFO [worker-1] worker heartbeat path=/api/v1/item/56
2026-09-01 15:30:30 INFO [worker-2] request served path=/api/v1/item/57
2026-09-01 15:31:37 INFO [worker-3] worker heartbeat path=/api/v1/item/58
2026-09-01 15:32:44 INFO [worker-4] cache hit path=/api/v1/item/59
2026-09-01 15:33:51 INFO [worker-5] cache hit path=/api/v1/item/60
2026-09-01 15:34:58 INFO [worker-6] request served path=/api/v1/item/61
2026-09-01 15:35:05 INFO [worker-7] worker heartbeat path=/api/v1/item/62
2026-09-01 15:36:12 INFO [worker-0] cache miss path=/api/v1/item/63
2026-09-01 15:37:19 INFO [worker-1] request served path=/api/v1/item/64
2026-09-01 15:38:26 INFO [worker-2] worker heartbeat path=/api/v1/item/65
2026-09-01 15:39:33 INFO [worker-3] scheduled job finished path=/api/v1/item/66
2026-09-01 15:40:40 INFO [worker-4] request served path=/api/v1/item/67
2026-09-01 15:41:47 INFO [worker-5] scheduled job finished path=/api/v1/item/68
2026-09-01 15:42:54 INFO [worker-6] cache miss path=/api/v1/item/69
2026-09-01 15:43:01 INFO [worker-7] scheduled job finished path=/api/v1/item/70
2026-09-01 15:44:08 INFO [worker-0] scheduled job finished path=/api/v1/item/71
2026-09-01 15:45:15 INFO [worker-1] cache hit path=/api/v1/item/72
2026-09-01 15:46:22 INFO [worker-2] request served path=/api/v1/item/73
2026-09-01 15:47:29 WARN [worker-3] slow response 1687ms
2026-09-01 15:48:36 INFO [worker-4] scheduled job finished path=/api/v1/item/75
2026-09-01 15:49:43 INFO [worker-5] scheduled job finished path=/api/v1/item/76
2026-09-01 15:50:50 INFO [worker-6] cache hit path=/api/v1/item/77
2026-09-01 15:51:57 ERROR [worker-7] disk quota exceeded (req=29481)
2026-09-01 15:52:04 INFO [worker-0] request served path=/api/v1/item/79
2026-09-01 15:53:11 INFO [worker-1] worker heartbeat path=/api/v1/item/80
2026-09-01 15:54:18 INFO [worker-2] cache hit path=/api/v1/item/81
2026-09-01 15:55:25 INFO [worker-3] request served path=/api/v1/item/82
2026-09-01 15:56:32 INFO [worker-4] scheduled job finished path=/api/v1/item/83
2026-09-01 15:57:39 INFO [worker-5] request served path=/api/v1/item/84
2026-09-01 15:58:46 ERROR [worker-6] disk quota exceeded (req=29698)
2026-09-01 15:59:53 INFO [worker-7] worker heartbeat path=/api/v1/item/86
2026-09-01 16:00:00 INFO [worker-0] cache hit path=/api/v1/item/87
2026-09-01 16:01:07 INFO [worker-1] cache miss path=/api/v1/item/88
2026-09-01 16:02:14 INFO [worker-2] worker heartbeat path=/api/v1/item/89
2026-09-01 16:03:21 INFO [worker-3] scheduled job finished path=/api/v1/item/90
2026-09-01 16:04:28 INFO [worker-4] cache miss path=/api/v1/item/91
2026-09-01 16:05:35 INFO [worker-5] cache miss path=/api/v1/item/92
2026-09-01 16:06:42 INFO [worker-6] cache hit path=/api/v1/item/93
2026-09-01 16:07:49 INFO [worker-7] request served path=/api/v1/item/94
2026-09-01 16:08:56 ERROR [worker-0] timeout waiting for upstream (req=30008)
2026-09-01 16:09:03 INFO [worker-1] worker heartbeat path=/api/v1/item/96
2026-09-01 16:10:10 INFO [worker-2] request served path=/api/v1/item/0
2026-09-01 16:11:17 INFO [worker-3] worker heartbeat path=/api/v1/item/1
2026-09-01 16:12:24 INFO [worker-4] request served path=/api/v1/item/2
2026-09-01 16:13:31 INFO [worker-5] scheduled job finished path=/api/v1/item/3
2026-09-01 16:14:38 INFO [worker-6] request served path=/api/v1/item/4
2026-09-01 16:15:45 INFO [worker-7] scheduled job finished path=/api/v1/item/5
2026-09-01 16:16:52 INFO [worker-0] worker heartbeat path=/api/v1/item/6
2026-09-01 16:17:59 INFO [worker-1] cache miss path=/api/v1/item/7
2026-09-01 16:18:06 INFO [worker-2] cache hit path=/api/v1/item/8
2026-09-01 16:19:13 WARN [worker-3] slow response 1548ms
2026-09-01 16:20:20 INFO [worker-4] request served path=/api/v1/item/10
2026-09-01 16:21:27 INFO [worker-5] request served path=/api/v1/item/11
2026-09-01 16:22:34 INFO [worker-6] request served path=/api/v1/item/12
2026-09-01 16:23:41 INFO [worker-7] scheduled job finished path=/api/v1/item/13
2026-09-01 16:24:48 INFO [worker-0] worker heartbeat path=/api/v1/item/14
2026-09-01 16:25:55 ERROR [worker-1] connection reset by peer (req=30535)
2026-09-01 16:26:02 INFO [worker-2] cache hit path=/api/v1/item/16
2026-09-01 16:27:09 INFO [worker-3] cache miss path=/api/v1/item/17
2026-09-01 16:28:16 INFO [worker-4] worker heartbeat path=/api/v1/item/18
2026-09-01 16:29:23 INFO [worker-5] request served path=/api/v1/item/19
2026-09-01 16:30:30 INFO [worker-6] cache miss path=/api/v1/item/20
2026-09-01 16:31:37 INFO [worker-7] request served path=/api/v1/item/21
2026-09-01 16:32:44 INFO [worker-0] worker heartbeat path=/api/v1/item/22
2026-09-01 16:33:51 WARN [worker-1] slow response 1476ms
2026-09-01 16:34:58 INFO [worker-2] request served path=/api/v1/item/24
2026-09-01 16:35:05 INFO [worker-3] cache hit path=/api/v1/item/25
2026-09-01 16:36:12 INFO [worker-4] cache hit path=/api/v1/item/26
2026-09-01 16:37:19 INFO [worker-5] cache hit path=/api/v1/item/27
2026-09-01 16:38:26 ERROR [worker-6] timeout waiting for upstream (req=30938)
2026-09-01 16:39:33 INFO [worker-7] cache hit path=/api/v1/item/29
2026-09-02 16:40:40 INFO [worker-0] request served path=/api/v1/item/30
2026-09-02 16:41:47 INFO [worker-1] worker heartbeat path=/api/v1/item/31
2026-09-02 16:42:54 INFO [worker-2] request served path=/api/v1/item/32
2026-09-02 16:43:01 INFO [worker-3] cache miss path=/api/v1/item/33
2026-09-02 16:44:08 INFO [worker-4] cache hit path=/api/v1/item/34
2026-09-02 16:45:15 INFO [worker-5] cache miss path=/api/v1/item/35
2026-09-02 16:46:22 WARN [worker-6] slow response 1407ms
2026-09-02 16:47:29 INFO [worker-7] cache hit path=/api/v1/item/37
2026-09-02 16:48:36 INFO [worker-0] scheduled job finished path=/api/v1/item/38
2026-09-02 16:49:43 INFO [worker-1] worker heartbeat path=/api/v1/item/39
2026-09-02 16:50:50 INFO [worker-2] cache miss path=/api/v1/item/40
2026-09-02 16:51:57 INFO [worker-3] cache hit path=/api/v1/item/41
2026-09-02 16:52:04 WARN [worker-4] slow response 1610ms
2026-09-02 16:53:11 INFO [worker-5] cache miss path=/api/v1/item/43
2026-09-02 16:54:18 INFO [worker-6] cache hit path=/api/v1/item/44
2026-09-02 16:55:25 INFO [worker-7] request served path=/api/v1/item/45
2026-09-02 16:56:32 INFO [worker-0] worker heartbeat path=/api/v1/item/46
2026-09-02 16:57:39 WARN [worker-1] slow response 2603ms
2026-09-02 16:58:46 ERROR [worker-2] invalid session token (req=31558)
2026-09-02 16:59:53 INFO [worker-3] cache hit path=/api/v1/item/49
2026-09-02 17:00:00 INFO [worker-4] cache miss path=/api/v1/item/50
2026-09-02 17:01:07 WARN [worker-5] slow response 1325ms
2026-09-02 17:02:14 INFO [worker-6] worker heartbeat path=/api/v1/item/52
2026-09-02 17:03:21 INFO [worker-7] cache hit path=/api/v1/item/53
2026-09-02 17:04:28 INFO [worker-0] request served path=/api/v1/item/54
2026-09-02 17:05:35 INFO [worker-1] worker heartbeat path=/api/v1/item/55
2026-09-02 17:06:42 INFO [worker-2] request served path=/api/v1/item/56
2026-09-02 17:07:49 INFO [worker-3] cache miss path=/api/v1/item/57
2026-09-02 17:08:56 WARN [worker-4] slow response 565ms
2026-09-02 17:09:03 INFO [worker-5] scheduled job finished path=/api/v1/item/59
2026-09-02 17:10:10 INFO [worker-6] cache hit path=/api/v1/item/60
2026-09-02 17:11:17 INFO [worker-7] scheduled job finished path=/api/v1/item/61
2026-09-02 17:12:24 INFO [worker-0] cache miss path=/api/v1/item/62
2026-09-02 17:13:31 INFO [worker-1] worker heartbeat path=/api/v1/item/63
2026-09-02 17:14:38 INFO [worker-2] scheduled job finished path=/api/v1/item/64
2026-09-02 17:15:45 WARN [worker-3] slow response 1237ms
2026-09-02 17:16:52 INFO [worker-4] cache hit path=/api/v1/item/66
2026-09-02 17:17:59 INFO [worker-5] cache hit path=/api/v1/item/67
2026-09-02 17:18:06 INFO [worker-6] request served path=/api/v1/item/68
2026-09-02 17:19:13 INFO [worker-7] worker heartbeat path=/api/v1/item/69
2026-09-02 17:20:20 INFO [worker-0] cache hit path=/api/v1/item/70
2026-09-02 17:21:27 INFO [worker-1] scheduled job finished path=/api/v1/item/71
2026-09-02 17:22:34 INFO [worker-2] cache hit path=/api/v1/item/72
2026-09-02 17:23:41 INFO [worker-3] cache hit path=/api/v1/item/73
2026-09-02 17:24:48 ERROR [worker-4] timeout waiting for upstream (req=32364)
2026-09-02 17:25:55 INFO [worker-5] request served path=/api/v1/item/75
2026-09-02 17:26:02 INFO [worker-6] cache miss path=/api/v1/item/76
2026-09-02 17:27:09 INFO [worker-7] worker heartbeat path=/api/v1/item/77
2026-09-02 17:28:16 WARN [worker-0] slow response 2177ms
2026-09-02 17:29:23 INFO [worker-1] worker heartbeat path=/api/v1/item/79
2026-09-02 17:30:30 WARN [worker-2] slow response 1590ms
2026-09-02 17:31:37 INFO [worker-3] scheduled job finished path=/api/v1/item/81
2026-09-02 17:32:44 INFO [worker-4] cache miss path=/api/v1/item/82
2026-09-02 17:33:51 ERROR [worker-5] timeout waiting for upstream (req=32643)
2026-09-02 17:34:58 INFO [worker-6] request served path=/api/v1/item/84
2026-09-02 17:35:05 INFO [worker-7] worker heartbeat path=/api/v1/item/85
2026-09-02 17:36:12 INFO [worker-0] request served path=/api/v1/item/86
2026-09-02 17:37:19 WARN [worker-1] slow response 1502ms
2026-09-02 17:38:26 INFO [worker-2] cache miss path=/api/v1/item/88
2026-09-02 17:39:33 INFO [worker-3] worker heartbeat path=/api/v1/item/89
2026-09-02 17:40:40 INFO [worker-4] request served path=/api/v1/item/90
2026-09-02 17:41:47 INFO [worker-5] request served path=/api/v1/item/91
2026-09-02 17:42:54 INFO [worker-6] worker heartbeat path=/api/v1/item/92
2026-09-02 17:43:01 INFO [worker-7] request served path=/api/v1/item/93
2026-09-02 17:44:08 INFO [worker-0] scheduled job finished path=/api/v1/item/94
2026-09-02 17:45:15 WARN [worker-1] slow response 1497ms
2026-09-02 17:46:22 INFO [worker-2] cache hit path=/api/v1/item/96
2026-09-02 17:47:29 INFO [worker-3] cache hit path=/api/v1/item/0
2026-09-02 17:48:36 WARN [worker-4] slow response 1525ms
2026-09-02 17:49:43 INFO [worker-5] request served path=/api/v1/item/2
2026-09-02 17:50:50 ERROR [worker-6] disk quota exceeded (req=33170)
2026-09-02 17:51:57 INFO [worker-7] cache miss path=/api/v1/item/4
2026-09-02 17:52:04 ERROR [worker-0] timeout waiting for upstream (req=33232)
2026-09-02 17:53:11 INFO [worker-1] scheduled job finished path=/api/v1/item/6
2026-09-02 17:54:18 INFO [worker-2] worker heartbeat path=/api/v1/item/7
2026-09-02 17:55:25 WARN [worker-3] slow response 884ms
2026-09-02 17:56:32 INFO [worker-4] request served path=/api/v1/item/9
2026-09-02 17:57:39 INFO [worker-5] worker heartbeat path=/api/v1/item/10
2026-09-02 17:58:46 INFO [worker-6] scheduled job finished path=/api/v1/item/11
2026-09-02 17:59:53 INFO [worker-7] request served path=/api/v1/item/12
2026-09-02 18:00:00 WARN [worker-0] slow response 2161ms
2026-09-02 18:01:07 INFO [worker-1] scheduled job finished path=/api/v1/item/14
2026-09-02 18:02:14 INFO [worker-2] cache hit path=/api/v1/item/15
2026-09-02 18:03:21 WARN [worker-3] slow response 2846ms
2026-09-02 18:04:28 INFO [worker-4] worker heartbeat path=/api/v1/item/17
2026-09-02 18:05:35 WARN [worker-5] slow response 575ms
2026-09-02 18:06:42 INFO [worker-6] worker heartbeat path=/api/v1/item/19
2026-09-02 18:07:49 INFO [worker-7] scheduled job finished path=/api/v1/item/20
2026-09-02 18:08:56 INFO [worker-0] scheduled job finished path=/api/v1/item/21
2026-09-02 18:09:03 ERROR [worker-1] disk quota exceeded (req=33759)
2026-09-02 18:10:10 ERROR [worker-2] connection reset by peer (req=33790)
2026-09-02 18:11:17 INFO [worker-3] cache miss path=/api/v1/item/24
2026-09-02 18:12:24 INFO [worker-4] scheduled job finished path=/api/v1/item/25
2026-09-02 18:13:31 INFO [worker-5] cache miss path=/api/v1/item/26
2026-09-02 18:14:38 INFO [worker-6] scheduled job finished path=/api/v1/item/27
2026-09-02 18:15:45 ERROR [worker-7] timeout waiting for upstream (req=33945)
2026-09-02 18:16:52 INFO [worker-0] cache miss path=/api/v1/item/29
2026-09-02 18:17:59 INFO [worker-1] worker heartbeat path=/api/v1/item/30
2026-09-02 18:18:06 INFO [worker-2] request served path=/api/v1/item/31
2026-09-02 18:19:13 INFO [worker-3] scheduled job finished path=/api/v1/item/32
2026-09-02 18:20:20 WARN [worker-4] slow response 1828ms
2026-09-02 18:21:27 INFO [worker-5] scheduled job finished path=/api/v1/item/34
2026-09-02 18:22:34 INFO [worker-6] cache hit path=/api/v1/item/35
2026-09-02 18:23:41 WARN [worker-7] slow response 2126ms
2026-09-02 18:24:48 INFO [worker-0] worker heartbeat path=/api/v1/item/37
2026-09-02 18:25:55 INFO [worker-1] request served path=/api/v1/item/38
2026-09-02 18:26:02 ERROR [worker-2] timeout waiting for upstream (req=34286)
2026-09-02 18:27:09 INFO [worker-3] scheduled job finished path=/api/v1/item/40
2026-09-02 18:28:16 INFO [worker-4] scheduled job finished path=/api/v1/item/41
2026-09-02 18:29:23 INFO [worker-5] request served path=/api/v1/item/42
2026-09-02 18:30:30 INFO [worker-6] cache miss path=/api/v1/item/43
2026-09-02 18:31:37 WARN [worker-7] slow response 555ms
2026-09-02 18:32:44 INFO [worker-0] request served path=/api/v1/item/45
2026-09-02 18:33:51 INFO [worker-1] cache miss path=/api/v1/item/46
2026-09-02 18:34:58 INFO [worker-2] cache hit path=/api/v1/item/47
2026-09-02 18:35:05 WARN [worker-3] slow response 2934ms
2026-09-02 18:36:12 INFO [worker-4] scheduled job finished path=/api/v1/item/49
2026-09-02 18:37:19 INFO [worker-5] request served path=/api/v1/item/50
2026-09-02 18:38:26 INFO [worker-6] scheduled job finished path=/api/v1/item/51
2026-09-02 18:39:33 INFO [worker-7] worker heartbeat path=/api/v1/item/52
2026-09-02 18:40:40 WARN [worker-0] slow response 1038ms
2026-09-02 18:41:47 INFO [worker-1] worker heartbeat path=/api/v1/item/54
2026-09-02 18:42:54 INFO [worker-2] cache miss path=/api/v1/item/55
2026-09-02 18:43:01 INFO [worker-3] request served path=/api/v1/item/56
2026-09-02 18:44:08 INFO [worker-4] cache miss path=/api/v1/item/57
2026-09-02 18:45:15 INFO [worker-5] scheduled job finished path=/api/v1/item/58
2026-09-02 18:46:22 INFO [worker-6] cache hit path=/api/v1/item/59
2026-09-02 18:47:29 INFO [worker-7] cache hit path=/api/v1/item/60
2026-09-02 18:48:36 INFO [worker-0] cache miss path=/api/v1/item/61
2026-09-02 18:49:43 INFO [worker-1] scheduled job finished path=/api/v1/item/62
2026-09-02 18:50:50 INFO [worker-2] worker heartbeat path=/api/v1/item/63
2026-09-02 18:51:57 INFO [worker-3] cache miss path=/api/v1/item/64
2026-09-02 18:52:04 ERROR [worker-4] connection reset by peer (req=35092)
2026-09-02 18:53:11 WARN [worker-5] slow response 2736ms
2026-09-02 18:54:18 INFO [worker-6] scheduled job finished path=/api/v1/item/67
2026-09-02 18:55:25 INFO [worker-7] cache miss path=/api/v1/item/68
2026-09-02 18:56:32 WARN [worker-0] slow response 1477ms
2026-09-02 18:57:39 INFO [worker-1] cache miss path=/api/v1/item/70
2026-09-02 18:58:46 INFO [worker-2] cache miss path=/api/v1/item/71
2026-09-02 18:59:53 INFO [worker-3] cache hit path=/api/v1/item/72
2026-09-02 19:00:00 INFO [worker-4] request served path=/api/v1/item/73
2026-09-02 19:01:07 WARN [worker-5] slow response 773ms
2026-09-02 19:02:14 INFO [worker-6] cache miss path=/api/v1/item/75
2026-09-02 19:03:21 INFO [worker-7] request served path=/api/v1/item/76
2026-09-02 19:04:28 INFO [worker-0] worker heartbeat path=/api/v1/item/77
2026-09-02 19:05:35 INFO [worker-1] request served path=/api/v1/item/78
2026-09-02 19:06:42 INFO [worker-2] cache hit path=/api/v1/item/79
2026-09-02 19:07:49 INFO [worker-3] cache miss path=/api/v1/item/80
2026-09-02 19:08:56 WARN [worker-4] slow response 1329ms
2026-09-02 19:09:03 INFO [worker-5] cache miss path=/api/v1/item/82
2026-09-02 19:10:10 INFO [worker-6] scheduled job finished path=/api/v1/item/83
2026-09-02 19:11:17 WARN [worker-7] slow response 2446ms
2026-09-02 19:12:24 INFO [worker-0] cache hit path=/api/v1/item/85
2026-09-02 19:13:31 INFO [worker-1] request served path=/api/v1/item/86
2026-09-02 19:14:38 ERROR [worker-2] invalid session token (req=35774)
2026-09-02 19:15:45 INFO [worker-3] worker heartbeat path=/api/v1/item/88
2026-09-02 19:16:52 INFO [worker-4] scheduled job finished path=/api/v1/item/89
2026-09-02 19:17:59 WARN [worker-5] slow response 1644ms
2026-09-02 19:18:06 INFO [worker-6] scheduled job finished path=/api/v1/item/91
2026-09-02 19:19:13 WARN [worker-7] slow response 2352ms
2026-09-02 19:20:20 INFO [worker-0] cache miss path=/api/v1/item/93
2026-09-02 19:21:27 INFO [worker-1] cache miss path=/api/v1/item/94
2026-09-02 19:22:34 INFO [worker-2] scheduled job finished path=/api/v1/item/95
2026-09-02 19:23:41 INFO [worker-3] worker heartbeat path=/api/v1/item/96
2026-09-02 19:24:48 INFO [worker-4] request served path=/api/v1/item/0
2026-09-02 19:25:55 INFO [worker-5] worker heartbeat path=/api/v1/item/1
2026-09-02 19:26:02 INFO [worker-6] cache miss path=/api/v1/item/2
2026-09-02 19:27:09 WARN [worker-7] slow response 1745ms
2026-09-02 19:28:16 INFO [worker-0] worker heartbeat path=/api/v1/item/4
2026-09-02 19:29:23 INFO [worker-1] scheduled job finished path=/api/v1/item/5
2026-09-02 19:30:30 INFO [worker-2] cache miss path=/api/v1/item/6
2026-09-02 19:31:37 INFO [worker-3] scheduled job finished path=/api/v1/item/7
2026-09-02 19:32:44 INFO [worker-4] cache miss path=/api/v1/item/8
2026-09-02 19:33:51 INFO [worker-5] worker heartbeat path=/api/v1/item/9
2026-09-02 19:34:58 INFO [worker-6] request served path=/api/v1/item/10
2026-09-02 19:35:05 ERROR [worker-7] connection reset by peer (req=36425)
2026-09-02 19:36:12 INFO [worker-0] cache miss path=/api/v1/item/12
2026-09-02 19:37:19 INFO [worker-1] cache miss path=/api/v1/item/13
2026-09-02 19:38:26 INFO [worker-2] worker heartbeat path=/api/v1/item/14
2026-09-02 19:39:33 INFO [worker-3] scheduled job finished path=/api/v1/item/15
2026-09-02 19:40:40 INFO [worker-4] worker heartbeat path=/api/v1/item/16
2026-09-02 19:41:47 INFO [worker-5] cache miss path=/api/v1/item/17
2026-09-02 19:42:54 ERROR [worker-6] timeout waiting for upstream (req=36642)
2026-09-02 19:43:01 INFO [worker-7] request served path=/api/v1/item/19
2026-09-02 19:44:08 INFO [worker-0] scheduled job finished path=/api/v1/item/20
2026-09-02 19:45:15 INFO [worker-1] worker heartbeat path=/api/v1/item/21
2026-09-02 19:46:22 INFO [worker-2] worker heartbeat path=/api/v1/item/22
2026-09-02 19:47:29 INFO [worker-3] scheduled job finished path=/api/v1/item/23
2026-09-02 19:48:36 WARN [worker-4] slow response 1270ms
2026-09-02 19:49:43 INFO [worker-5] worker heartbeat path=/api/v1/item/25
2026-09-02 19:50:50 INFO [worker-6] scheduled job finished path=/api/v1/item/26
2026-09-02 19:51:57 INFO [worker-7] scheduled job finished path=/api/v1/item/27
2026-09-02 19:52:04 INFO [worker-0] scheduled job finished path=/api/v1/item/28
2026-09-02 19:53:11 INFO [worker-1] request served path=/api/v1/item/29
2026-09-02 19:54:18 WARN [worker-2] slow response 1802ms
2026-09-02 19:55:25 INFO [worker-3] request served path=/api/v1/item/31
2026-09-02 19:56:32 INFO [worker-4] scheduled job finished path=/api/v1/item/32
2026-09-02 19:57:39 WARN [worker-5] slow response 1707ms
2026-09-02 19:58:46 INFO [worker-6] scheduled job finished path=/api/v1/item/34
2026-09-02 19:59:53 INFO [worker-7] worker heartbeat path=/api/v1/item/35
2026-09-02 20:00:00 INFO [worker-0] scheduled job finished path=/api/v1/item/36
2026-09-02 20:01:07 INFO [worker-1] scheduled job finished path=/api/v1/item/37
2026-09-02 20:02:14 INFO [worker-2] cache hit path=/api/v1/item/38
2026-09-02 20:03:21 INFO [worker-3] request served path=/api/v1/item/39
2026-09-02 20:04:28 INFO [worker-4] scheduled job finished path=/api/v1/item/40
2026-09-02 20:05:35 WARN [worker-5] slow response 2834ms
2026-09-02 20:06:42 INFO [worker-6] request served path=/api/v1/item/42
2026-09-02 20:07:49 INFO [worker-7] request served path=/api/v1/item/43
2026-09-02 20:08:56 INFO [worker-0] cache miss path=/api/v1/item/44
2026-09-02 20:09:03 INFO [worker-1] scheduled job finished path=/api/v1/item/45
2026-09-02 20:10:10 ERROR [worker-2] connection reset by peer (req=37510)
2026-09-02 20:11:17 INFO [worker-3] scheduled job finished path=/api/v1/item/47
2026-09-02 20:12:24 ERROR [worker-4] connection reset by peer (req=37572)
2026-09-02 20:13:31 WARN [worker-5] slow response 2766ms
2026-09-02 20:14:38 INFO [worker-6] scheduled job finished path=/api/v1/item/50
2026-09-02 20:15:45 INFO [worker-7] cache hit path=/api/v1/item/51
2026-09-02 20:16:52 INFO [worker-0] worker heartbeat path=/api/v1/item/52
2026-09-02 20:17:59 INFO [worker-1] cache hit path=/api/v1/item/53
2026-09-02 20:18:06 WARN [worker-2] slow response 2586ms
2026-09-02 20:19:13 WARN [worker-3] slow response 910ms
2026-09-02 20:20:20 ERROR [worker-4] disk quota exceeded (req=37820)
2026-09-02 20:21:27 INFO [worker-5] worker heartbeat path=/api/v1/item/57
2026-09-02 20:22:34 INFO [worker-6] request served path=/api/v1/item/58
2026-09-02 20:23:41 INFO [worker-7] scheduled job finished path=/api/v1/item/59
2026-09-02 20:24:48 INFO [worker-0] cache hit path=/api/v1/item/60
2026-09-02 20:25:55 INFO [worker-1] cache hit path=/api/v1/item/61
2026-09-02 20:26:02 ERROR [worker-2] timeout waiting for upstream (req=38006)
2026-09-02 20:27:09 INFO [worker-3] scheduled job finished path=/api/v1/item/63
2026-09-02 20:28:16 ERROR [worker-4] connection reset by peer (req=38068)
2026-09-02 20:29:23 INFO [worker-5] request served path=/api/v1/item/65
2026-09-02 20:30:30 ERROR [worker-6] invalid session token (req=38130)
2026-09-02 20:31:37 INFO [worker-7] request served path=/api/v1/item/67
2026-09-02 20:32:44 INFO [worker-0] scheduled job finished path=/api/v1/item/68
2026-09-02 20:33:51 INFO [worker-1] cache hit path=/api/v1/item/69
2026-09-02 20:34:58 ERROR [worker-2] disk quota exceeded (req=38254)
2026-09-02 20:35:05 INFO [worker-3] cache miss path=/api/v1/item/71
2026-09-02 20:36:12 ERROR [worker-4] invalid session token (req=38316)
2026-09-02 20:37:19 INFO [worker-5] worker heartbeat path=/api/v1/item/73
2026-09-02 20:38:26 INFO [worker-6] worker heartbeat path=/api/v1/item/74
2026-09-02 20:39:33 INFO [worker-7] request served path=/api/v1/item/75
2026-09-02 20:40:40 INFO [worker-0] worker heartbeat path=/api/v1/item/76
2026-09-02 20:41:47 INFO [worker-1] scheduled job finished path=/api/v1/item/77
2026-09-02 20:42:54 INFO [worker-2] cache miss path=/api/v1/item/78
2026-09-02 20:43:01 INFO [worker-3] worker heartbeat path=/api/v1/item/79
2026-09-02 20:44:08 ERROR [worker-4] invalid session token (req=38564)
2026-09-02 20:45:15 WARN [worker-5] slow response 1196ms
2026-09-02 20:46:22 INFO [worker-6] cache hit path=/api/v1/item/82
2026-09-02 20:47:29 ERROR [worker-7] invalid session token (req=38657)
2026-09-02 20:48:36 INFO [worker-0] cache miss path=/api/v1/item/84
2026-09-02 20:49:43 WARN [worker-1] slow response 2686ms
2026-09-02 20:50:50 INFO [worker-2] cache miss path=/api/v1/item/86
2026-09-02 20:51:57 INFO [worker-3] request served path=/api/v1/item/87
2026-09-02 20:52:04 INFO [worker-4] worker heartbeat path=/api/v1/item/88
2026-09-02 20:53:11 INFO [worker-5] cache miss path=/api/v1/item/89
2026-09-02 20:54:18 INFO [worker-6] worker heartbeat path=/api/v1/item/90
2026-09-02 20:55:25 WARN [worker-7] slow response 1661ms
2026-09-02 20:56:32 INFO [worker-0] worker heartbeat path=/api/v1/item/92
2026-09-02 20:57:39 ERROR [worker-1] timeout waiting for upstream (req=38967)
2026-09-02 20:58:46 INFO [worker-2] cache hit path=/api/v1/item/94
2026-09-02 20:59:53 INFO [worker-3] cache hit path=/api/v1/item/95
2026-09-02 21:00:00 WARN [worker-4] slow response 1604ms
2026-09-02 21:01:07 INFO [worker-5] cache hit path=/api/v1/item/0
2026-09-02 21:02:14 INFO [worker-6] worker heartbeat path=/api/v1/item/1
2026-09-02 21:03:21 INFO [worker-7] cache hit path=/api/v1/item/2
2026-09-02 21:04:28 WARN [worker-0] slow response 1945ms
2026-09-02 21:05:35 INFO [worker-1] worker heartbeat path=/api/v1/item/4
2026-09-02 21:06:42 INFO [worker-2] scheduled job finished path=/api/v1/item/5
2026-09-02 21:07:49 INFO [worker-3] worker heartbeat path=/api/v1/item/6
2026-09-02 21:08:56 INFO [worker-4] cache hit path=/api/v1/item/7
2026-09-02 21:09:03 INFO [worker-5] cache hit path=/api/v1/item/8
2026-09-02 21:10:10 INFO [worker-6] cache miss path=/api/v1/item/9
2026-09-02 21:11:17 INFO [worker-7] worker heartbeat path=/api/v1/item/10
2026-09-02 21:12:24 INFO [worker-0] cache miss path=/api/v1/item/11
2026-09-02 21:13:31 INFO [worker-1] worker heartbeat path=/api/v1/item/12
2026-09-02 21:14:38 INFO [worker-2] cache hit path=/api/v1/item/13
2026-09-02 21:15:45 WARN [worker-3] slow response 1002ms
2026-09-02 21:16:52 INFO [worker-4] request served path=/api/v1/item/15
2026-09-02 21:17:59 INFO [worker-5] cache miss path=/api/v1/item/16
2026-09-02 21:18:06 INFO [worker-6] worker heartbeat path=/api/v1/item/17
2026-09-02 21:19:13 ERROR [worker-7] timeout waiting for upstream (req=39649)
2026-09-02 21:20:20 WARN [worker-0] slow response 561ms
2026-09-02 21:21:27 INFO [worker-1] request served path=/api/v1/item/20
2026-09-02 21:22:34 INFO [worker-2] cache hit path=/api/v1/item/21
2026-09-02 21:23:41 INFO [worker-3] request served path=/api/v1/item/22
2026-09-02 21:24:48 ERROR [worker-4] disk quota exceeded (req=39804)
2026-09-02 21:25:55 INFO [worker-5] cache miss path=/api/v1/item/24
2026-09-02 21:26:02 WARN [worker-6] slow response 1774ms
2026-09-02 21:27:09 WARN [worker-7] slow response 1681ms
2026-09-02 21:28:16 WARN [worker-0] slow response 2134ms
2026-09-02 21:29:23 INFO [worker-1] worker heartbeat path=/api/v1/item/28
2026-09-02 21:30:30 INFO [worker-2] worker heartbeat path=/api/v1/item/29
2026-09-02 21:31:37 INFO [worker-3] cache hit path=/api/v1/item/30
2026-09-02 21:32:44 INFO [worker-4] cache hit path=/api/v1/item/31
2026-09-02 21:33:51 ERROR [worker-5] timeout waiting for upstream (req=40083)
2026-09-02 21:34:58 INFO [worker-6] cache miss path=/api/v1/item/33
2026-09-02 21:35:05 INFO [worker-7] request served path=/api/v1/item/34
2026-09-02 21:36:12 INFO [worker-0] worker heartbeat path=/api/v1/item/35
2026-09-02 21:37:19 INFO [worker-1] worker heartbeat path=/api/v1/item/36
2026-09-02 21:38:26 INFO [worker-2] request served path=/api/v1/item/37
2026-09-02 21:39:33 WARN [worker-3] slow response 971ms
2026-09-02 21:40:40 INFO [worker-4] scheduled job finished path=/api/v1/item/39
2026-09-02 21:41:47 INFO [worker-5] request served path=/api/v1/item/40
2026-09-02 21:42:54 INFO [worker-6] scheduled job finished path=/api/v1/item/41
2026-09-02 21:43:01 WARN [worker-7] slow response 1311ms
2026-09-02 21:44:08 INFO [worker-0] cache hit path=/api/v1/item/43
2026-09-02 21:45:15 INFO [worker-1] request served path=/api/v1/item/44
2026-09-02 21:46:22 INFO [worker-2] cache hit path=/api/v1/item/45
2026-09-02 21:47:29 INFO [worker-3] cache hit path=/api/v1/item/46
2026-09-02 21:48:36 INFO [worker-4] scheduled job finished path=/api/v1/item/47
2026-09-02 21:49:43 INFO [worker-5] worker heartbeat path=/api/v1/item/48
2026-09-02 21:50:50 INFO [worker-6] scheduled job finished path=/api/v1/item/49
2026-09-02 21:51:57 INFO [worker-7] request served path=/api/v1/item/50
2026-09-02 21:52:04 WARN [worker-0] slow response 1672ms
2026-09-02 21:53:11 INFO [worker-1] scheduled job finished path=/api/v1/item/52
2026-09-02 21:54:18 INFO [worker-2] request served path=/api/v1/item/53
2026-09-02 21:55:25 INFO [worker-3] request served path=/api/v1/item/54
2026-09-02 21:56:32 ERROR [worker-4] connection reset by peer (req=40796)
2026-09-02 21:57:39 INFO [worker-5] cache miss path=/api/v1/item/56
2026-09-02 21:58:46 INFO [worker-6] request served path=/api/v1/item/57
2026-09-02 21:59:53 INFO [worker-7] worker heartbeat path=/api/v1/item/58
2026-09-02 22:00:00 INFO [worker-0] scheduled job finished path=/api/v1/item/59
2026-09-02 22:01:07 INFO [worker-1] cache miss path=/api/v1/item/60
2026-09-02 22:02:14 INFO [worker-2] cache miss path=/api/v1/item/61
2026-09-02 22:03:21 INFO [worker-3] worker heartbeat path=/api/v1/item/62
2026-09-02 22:04:28 INFO [worker-4] cache miss path=/api/v1/item/63
2026-09-02 22:05:35 INFO [worker-5] worker heartbeat path=/api/v1/item/64
2026-09-02 22:06:42 INFO [worker-6] cache hit path=/api/v1/item/65
2026-09-02 22:07:49 INFO [worker-7] scheduled job finished path=/api/v1/item/66
2026-09-02 22:08:56 INFO [worker-0] cache hit path=/api/v1/item/67
2026-09-02 22:09:03 INFO [worker-1] cache hit path=/api/v1/item/68
2026-09-02 22:10:10 ERROR [worker-2] timeout waiting for upstream (req=41230)
2026-09-02 22:11:17 INFO [worker-3] cache miss path=/api/v1/item/70
2026-09-02 22:12:24 WARN [worker-4] slow response 1170ms
2026-09-02 22:13:31 INFO [worker-5] cache hit path=/api/v1/item/72
2026-09-02 22:14:38 INFO [worker-6] cache hit path=/api/v1/item/73
2026-09-02 22:15:45 INFO [worker-7] cache hit path=/api/v1/item/74
2026-09-02 22:16:52 INFO [worker-0] worker heartbeat path=/api/v1/item/75
2026-09-02 22:17:59 WARN [worker-1] slow response 1772ms
2026-09-02 22:18:06 WARN [worker-2] slow response 2492ms
2026-09-02 22:19:13 INFO [worker-3] cache hit path=/api/v1/item/78
2026-09-02 22:20:20 INFO [worker-4] request served path=/api/v1/item/79
2026-09-02 22:21:27 INFO [worker-5] worker heartbeat path=/api/v1/item/80
2026-09-02 22:22:34 WARN [worker-6] slow response 1939ms
2026-09-02 22:23:41 INFO [worker-7] cache hit path=/api/v1/item/82
2026-09-02 22:24:48 INFO [worker-0] cache hit path=/api/v1/item/83
2026-09-02 22:25:55 INFO [worker-1] cache hit path=/api/v1/item/84
2026-09-02 22:26:02 INFO [worker-2] request served path=/api/v1/item/85
2026-09-02 22:27:09 INFO [worker-3] cache hit path=/api/v1/item/86
2026-09-02 22:28:16 INFO [worker-4] cache hit path=/api/v1/item/87
2026-09-02 22:29:23 INFO [worker-5] worker heartbeat path=/api/v1/item/88
2026-09-02 22:30:30 INFO [worker-6] worker heartbeat path=/api/v1/item/89
2026-09-02 22:31:37 INFO [worker-7] request served path=/api/v1/item/90
2026-09-02 22:32:44 INFO [worker-0] request served path=/api/v1/item/91
2026-09-02 22:33:51 INFO [worker-1] cache hit path=/api/v1/item/92
2026-09-02 22:34:58 ERROR [worker-2] invalid session token (req=41974)
2026-09-02 22:35:05 INFO [worker-3] request served path=/api/v1/item/94
2026-09-02 22:36:12 INFO [worker-4] worker heartbeat path=/api/v1/item/95
2026-09-02 22:37:19 INFO [worker-5] cache hit path=/api/v1/item/96
2026-09-02 22:38:26 INFO [worker-6] worker heartbeat path=/api/v1/item/0
2026-09-02 22:39:33 INFO [worker-7] cache miss path=/api/v1/item/1
2026-09-02 22:40:40 WARN [worker-0] slow response 794ms
2026-09-02 22:41:47 ERROR [worker-1] timeout waiting for upstream (req=42191)
2026-09-02 22:42:54 INFO [worker-2] worker heartbeat path=/api/v1/item/4
2026-09-02 22:43:01 WARN [worker-3] slow response 1858ms
2026-09-02 22:44:08 INFO [worker-4] scheduled job finished path=/api/v1/item/6
2026-09-02 22:45:15 INFO [worker-5] worker heartbeat path=/api/v1/item/7
2026-09-02 22:46:22 INFO [worker-6] worker heartbeat path=/api/v1/item/8
2026-09-02 22:47:29 WARN [worker-7] slow response 2724ms
2026-09-02 22:48:36 INFO [worker-0] cache miss path=/api/v1/item/10
2026-09-02 22:49:43 INFO [worker-1] cache miss path=/api/v1/item/11
2026-09-02 22:50:50 INFO [worker-2] cache miss path=/api/v1/item/12
2026-09-02 22:51:57 INFO [worker-3] request served path=/api/v1/item/13
2026-09-02 22:52:04 WARN [worker-4] slow response 613ms
2026-09-02 22:53:11 ERROR [worker-5] connection reset by peer (req=42563)
2026-09-02 22:54:18 WARN [worker-6] slow response 2006ms
2026-09-02 22:55:25 WARN [worker-7] slow response 2652ms
2026-09-02 22:56:32 INFO [worker-0] cache hit path=/api/v1/item/18
2026-09-02 22:57:39 WARN [worker-1] slow response 1771ms
2026-09-02 22:58:46 INFO [worker-2] cache miss path=/api/v1/item/20
2026-09-02 22:59:53 INFO [worker-3] cache miss path=/api/v1/item/21
2026-09-02 23:00:00 INFO [worker-4] cache miss path=/api/v1/item/22
2026-09-02 23:01:07 WARN [worker-5] slow response 2012ms
2026-09-02 23:02:14 INFO [worker-6] cache miss path=/api/v1/item/24
2026-09-02 23:03:21 INFO [worker-7] request served path=/api/v1/item/25
2026-09-02 23:04:28 WARN [worker-0] slow response 2151ms
2026-09-02 23:05:35 INFO [worker-1] cache hit path=/api/v1/item/27
2026-09-02 23:06:42 INFO [worker-2] worker heartbeat path=/api/v1/item/28
2026-09-02 23:07:49 INFO [worker-3] cache miss path=/api/v1/item/29
2026-09-02 23:08:56 INFO [worker-4] request served path=/api/v1/item/30
2026-09-02 23:09:03 WARN [worker-5] slow response 1431ms
2026-09-02 23:10:10 WARN [worker-6] slow response 2315ms
2026-09-02 23:11:17 INFO [worker-7] worker heartbeat path=/api/v1/item/33
2026-09-02 23:12:24 WARN [worker-0] slow response 663ms
2026-09-02 23:13:31 INFO [worker-1] worker heartbeat path=/api/v1/item/35
2026-09-02 23:14:38 WARN [worker-2] slow response 2025ms
2026-09-02 23:15:45 ERROR [worker-3] invalid session token (req=43245)
2026-09-02 23:16:52 INFO [worker-4] scheduled job finished path=/api/v1/item/38
2026-09-02 23:17:59 INFO [worker-5] cache miss path=/api/v1/item/39
2026-09-02 23:18:06 ERROR [worker-6] connection reset by peer (req=43338)
2026-09-02 23:19:13 INFO [worker-7] cache miss path=/api/v1/item/41
2026-09-02 23:20:20 ERROR [worker-0] connection reset by peer (req=43400)
2026-09-02 23:21:27 INFO [worker-1] cache hit path=/api/v1/item/43
2026-09-02 23:22:34 INFO [worker-2] cache hit path=/api/v1/item/44
2026-09-02 23:23:41 INFO [worker-3] request served path=/api/v1/item/45
2026-09-02 23:24:48 INFO [worker-4] scheduled job finished path=/api/v1/item/46
2026-09-02 23:25:55 INFO [worker-5] scheduled job finished path=/api/v1/item/47
2026-09-02 23:26:02 WARN [worker-6] slow response 848ms
2026-09-02 23:27:09 INFO [worker-7] scheduled job finished path=/api/v1/item/49
2026-09-02 23:28:16 INFO [worker-0] scheduled job finished path=/api/v1/item/50
2026-09-02 23:29:23 INFO [worker-1] cache hit path=/api/v1/item/51
2026-09-02 23:30:30 INFO [worker-2] scheduled job finished path=/api/v1/item/52
2026-09-02 23:31:37 INFO [worker-3] request served path=/api/v1/item/53
2026-09-02 23:32:44 INFO [worker-4] cache miss path=/api/v1/item/54
2026-09-02 23:33:51 INFO [worker-5] cache miss path=/api/v1/item/55
2026-09-02 23:34:58 INFO [worker-6] worker heartbeat path=/api/v1/item/56
2026-09-02 23:35:05 INFO [worker-7] worker heartbeat path=/api/v1/item/57
2026-09-02 23:36:12 INFO [worker-0] cache hit path=/api/v1/item/58
2026-09-02 23:37:19 INFO [worker-1] cache miss path=/api/v1/item/59
2026-09-02 23:38:26 INFO [worker-2] request served path=/api/v1/item/60
2026-09-02 23:39:33 INFO [worker-3] cache hit path=/api/v1/item/61
2026-09-02 23:40:40 INFO [worker-4] worker heartbeat path=/api/v1/item/62
2026-09-02 23:41:47 INFO [worker-5] cache hit path=/api/v1/item/63
2026-09-02 23:42:54 INFO [worker-6] cache miss path=/api/v1/item/64
2026-09-02 23:43:01 INFO [worker-7] worker heartbeat path=/api/v1/item/65
2026-09-02 23:44:08 INFO [worker-0] cache hit path=/api/v1/item/66
2026-09-02 23:45:15 INFO [worker-1] worker heartbeat path=/api/v1/item/67
2026-09-02 23:46:22 INFO [worker-2] cache hit path=/api/v1/item/68
2026-09-02 23:47:29 WARN [worker-3] slow response 1330ms
2026-09-02 23:48:36 INFO [worker-4] request served path=/api/v1/item/70
2026-09-02 23:49:43 INFO [worker-5] cache miss path=/api/v1/item/71
2026-09-02 23:50:50 INFO [worker-6] cache hit path=/api/v1/item/72
2026-09-02 23:51:57 INFO [worker-7] cache miss path=/api/v1/item/73
2026-09-02 23:52:04 INFO [worker-0] cache hit path=/api/v1/item/74
2026-09-02 23:53:11 INFO [worker-1] cache hit path=/api/v1/item/75
2026-09-02 23:54:18 INFO [worker-2] request served path=/api/v1/item/76
2026-09-02 23:55:25 INFO [worker-3] scheduled job finished path=/api/v1/item/77
2026-09-02 23:56:32 INFO [worker-4] worker heartbeat path=/api/v1/item/78
2026-09-02 23:57:39 INFO [worker-5] worker heartbeat path=/api/v1/item/79
2026-09-02 23:58:46 WARN [worker-6] slow response 2560ms
2026-09-02 23:59:53 INFO [worker-7] request served path=/api/v1/item/81
2026-09-02 00:00:00 INFO [worker-0] scheduled job finished path=/api/v1/item/82
2026-09-02 00:01:07 WARN [worker-1] slow response 2105ms
2026-09-02 00:02:14 INFO [worker-2] cache hit path=/api/v1/item/84
2026-09-02 00:03:21 INFO [worker-3] request served path=/api/v1/item/85
2026-09-02 00:04:28 WARN [worker-4] slow response 735ms
2026-09-02 00:05:35 INFO [worker-5] request served path=/api/v1/item/87
2026-09-02 00:06:42 INFO [worker-6] request served path=/api/v1/item/88
2026-09-02 00:07:49 INFO [worker-7] cache hit path=/api/v1/item/89
2026-09-02 00:08:56 INFO [worker-0] request served path=/api/v1/item/90
2026-09-02 00:09:03 INFO [worker-1] worker heartbeat path=/api/v1/item/91
2026-09-02 00:10:10 INFO [worker-2] request served path=/api/v1/item/92
2026-09-02 00:11:17 INFO [worker-3] cache hit path=/api/v1/item/93
2026-09-02 00:12:24 INFO [worker-4] cache miss path=/api/v1/item/94
2026-09-02 00:13:31 WARN [worker-5] slow response 1898ms
2026-09-02 00:14:38 INFO [worker-6] request served path=/api/v1/item/96
2026-09-02 00:15:45 INFO [worker-7] request served path=/api/v1/item/0
2026-09-02 00:16:52 INFO [worker-0] scheduled job finished path=/api/v1/item/1
2026-09-02 00:17:59 INFO [worker-1] cache miss path=/api/v1/item/2
2026-09-02 00:18:06 INFO [worker-2] request served path=/api/v1/item/3
2026-09-02 00:19:13 INFO [worker-3] cache miss path=/api/v1/item/4
2026-09-02 00:20:20 WARN [worker-4] slow response 2748ms
2026-09-02 00:21:27 INFO [worker-5] scheduled job finished path=/api/v1/item/6
2026-09-02 00:22:34 WARN [worker-6] slow response 1493ms
2026-09-02 00:23:41 INFO [worker-7] cache hit path=/api/v1/item/8
2026-09-02 00:24:48 INFO [worker-0] request served path=/api/v1/item/9
2026-09-02 00:25:55 INFO [worker-1] scheduled job finished path=/api/v1/item/10
2026-09-02 00:26:02 INFO [worker-2] request served path=/api/v1/item/11
2026-09-02 00:27:09 INFO [worker-3] request served path=/api/v1/item/12
2026-09-02 00:28:16 INFO [worker-4] cache hit path=/api/v1/item/13
2026-09-02 00:29:23 WARN [worker-5] slow response 1687ms
2026-09-02 00:30:30 INFO [worker-6] worker heartbeat path=/api/v1/item/15
2026-09-02 00:31:37 INFO [worker-7] scheduled job finished path=/api/v1/item/16
2026-09-02 00:32:44 INFO [worker-0] scheduled job finished path=/api/v1/item/17
2026-09-02 00:33:51 INFO [worker-1] cache miss path=/api/v1/item/18
2026-09-02 00:34:58 INFO [worker-2] request served path=/api/v1/item/19
2026-09-02 00:35:05 ERROR [worker-3] disk quota exceeded (req=45725)
2026-09-02 00:36:12 INFO [worker-4] worker heartbeat path=/api/v1/item/21
2026-09-02 00:37:19 INFO [worker-5] request served path=/api/v1/item/22
2026-09-02 00:38:26 ERROR [worker-6] timeout waiting for upstream (req=45818)
2026-09-02 00:39:33 INFO [worker-7] scheduled job finished path=/api/v1/item/24
2026-09-02 00:40:40 INFO [worker-0] worker heartbeat path=/api/v1/item/25
2026-09-02 00:41:47 INFO [worker-1] worker heartbeat path=/api/v1/item/26
2026-09-02 00:42:54 INFO [worker-2] scheduled job finished path=/api/v1/item/27
2026-09-02 00:43:01 INFO [worker-3] cache miss path=/api/v1/item/28
2026-09-02 00:44:08 INFO [worker-4] cache hit path=/api/v1/item/29
2026-09-02 00:45:15 INFO [worker-5] cache hit path=/api/v1/item/30
2026-09-02 00:46:22 INFO [worker-6] request served path=/api/v1/item/31
2026-09-02 00:47:29 INFO [worker-7] cache miss path=/api/v1/item/32
2026-09-02 00:48:36 INFO [worker-0] cache miss path=/api/v1/item/33
2026-09-02 00:49:43 INFO [worker-1] worker heartbeat path=/api/v1/item/34
2026-09-02 00:50:50 INFO [worker-2] cache miss path=/api/v1/item/35
2026-09-02 00:51:57 ERROR [worker-3] timeout waiting for upstream (req=46221)
2026-09-02 00:52:04 INFO [worker-4] request served path=/api/v1/item/37
2026-09-02 00:53:11 INFO [worker-5] scheduled job finished path=/api/v1/item/38
2026-09-02 00:54:18 ERROR [worker-6] connection reset by peer (req=46314)
2026-09-02 00:55:25 INFO [worker-7] cache miss path=/api/v1/item/40
2026-09-02 00:56:32 INFO [worker-0] request served path=/api/v1/item/41
2026-09-02 00:57:39 INFO [worker-1] cache miss path=/api/v1/item/42
2026-09-02 00:58:46 INFO [worker-2] scheduled job finished path=/api/v1/item/43
2026-09-02 00:59:53 INFO [worker-3] cache hit path=/api/v1/item/44
2026-09-02 01:00:00 INFO [worker-4] request served path=/api/v1/item/45
2026-09-02 01:01:07 INFO [worker-5] request served path=/api/v1/item/46
2026-09-02 01:02:14 INFO [worker-6] worker heartbeat path=/api/v1/item/47
2026-09-02 01:03:21 INFO [worker-7] request served path=/api/v1/item/48
2026-09-02 01:04:28 INFO [worker-0] cache miss path=/api/v1/item/49
2026-09-02 01:05:35 INFO [worker-1] cache hit path=/api/v1/item/50
2026-09-02 01:06:42 INFO [worker-2] cache hit path=/api/v1/item/51
2026-09-02 01:07:49 INFO [worker-3] cache miss path=/api/v1/item/52
2026-09-02 01:08:56 INFO [worker-4] cache miss path=/api/v1/item/53
2026-09-02 01:09:03 INFO [worker-5] scheduled job finished path=/api/v1/item/54
2026-09-02 01:10:10 INFO [worker-6] cache hit path=/api/v1/item/55
2026-09-02 01:11:17 INFO [worker-7] scheduled job finished path=/api/v1/item/56
2026-09-02 01:12:24 INFO [worker-0] cache miss path=/api/v1/item/57
2026-09-02 01:13:31 ERROR [worker-1] connection reset by peer (req=46903)
2026-09-02 01:14:38 INFO [worker-2] worker heartbeat path=/api/v1/item/59
2026-09-02 01:15:45 INFO [worker-3] cache hit path=/api/v1/item/60
2026-09-02 01:16:52 INFO [worker-4] cache miss path=/api/v1/item/61
2026-09-02 01:17:59 WARN [worker-5] slow response 1341ms
2026-09-02 01:18:06 ERROR [worker-6] invalid session token (req=47058)
2026-09-02 01:19:13 INFO [worker-7] worker heartbeat path=/api/v1/item/64
2026-09-02 01:20:20 INFO [worker-0] cache miss path=/api/v1/item/65
2026-09-02 01:21:27 INFO [worker-1] scheduled job finished path=/api/v1/item/66
2026-09-02 01:22:34 ERROR [worker-2] connection reset by peer (req=47182)
2026-09-02 01:23:41 INFO [worker-3] scheduled job finished path=/api/v1/item/68
2026-09-02 01:24:48 INFO [worker-4] cache miss path=/api/v1/item/69
2026-09-02 01:25:55 ERROR [worker-5] connection reset by peer (req=47275)
2026-09-02 01:26:02 INFO [worker-6] scheduled job finished path=/api/v1/item/71
2026-09-02 01:27:09 WARN [worker-7] slow response 2877ms
2026-09-02 01:28:16 INFO [worker-0] worker heartbeat path=/api/v1/item/73
2026-09-02 01:29:23 INFO [worker-1] worker heartbeat path=/api/v1/item/74
2026-09-02 01:30:30 INFO [worker-2] request served path=/api/v1/item/75
2026-09-02 01:31:37 INFO [worker-3] cache miss path=/api/v1/item/76
2026-09-02 01:32:44 INFO [worker-4] cache miss path=/api/v1/item/77
2026-09-02 01:33:51 INFO [worker-5] scheduled job finished path=/api/v1/item/78
2026-09-02 01:34:58 ERROR [worker-6] connection reset by peer (req=47554)
2026-09-02 01:35:05 INFO [worker-7] request served path=/api/v1/item/80
2026-09-02 01:36:12 INFO [worker-0] worker heartbeat path=/api/v1/item/81
2026-09-02 01:37:19 INFO [worker-1] scheduled job finished path=/api/v1/item/82
2026-09-02 01:38:26 INFO [worker-2] scheduled job finished path=/api/v1/item/83
2026-09-02 01:39:33 INFO [worker-3] cache hit path=/api/v1/item/84
2026-09-02 01:40:40 INFO [worker-4] request served path=/api/v1/item/85
2026-09-02 01:41:47 INFO [worker-5] scheduled job finished path=/api/v1/item/86
2026-09-02 01:42:54 ERROR [worker-6] connection reset by peer (req=47802)
2026-09-02 01:43:01 INFO [worker-7] scheduled job finished path=/api/v1/item/88
2026-09-02 01:44:08 INFO [worker-0] cache hit path=/api/v1/item/89
2026-09-02 01:45:15 ERROR [worker-1] connection reset by peer (req=47895)
2026-09-02 01:46:22 INFO [worker-2] request served path=/api/v1/item/91
2026-09-02 01:47:29 INFO [worker-3] request served path=/api/v1/item/92
2026-09-02 01:48:36 INFO [worker-4] cache miss path=/api/v1/item/93
2026-09-02 01:49:43 INFO [worker-5] request served path=/api/v1/item/94
2026-09-02 01:50:50 INFO [worker-6] worker heartbeat path=/api/v1/item/95
2026-09-02 01:51:57 INFO [worker-7] cache miss path=/api/v1/item/96
2026-09-02 01:52:04 WARN [worker-0] slow response 2196ms
2026-09-02 01:53:11 INFO [worker-1] request served path=/api/v1/item/1
2026-09-02 01:54:18 INFO [worker-2] cache miss path=/api/v1/item/2
2026-09-02 01:55:25 INFO [worker-3] scheduled job finished path=/api/v1/item/3
2026-09-02 01:56:32 INFO [worker-4] worker heartbeat path=/api/v1/item/4
2026-09-02 01:57:39 INFO [worker-5] request served path=/api/v1/item/5
2026-09-02 01:58:46 INFO [worker-6] scheduled job finished path=/api/v1/item/6
2026-09-02 01:59:53 INFO [worker-7] cache miss path=/api/v1/item/7
2026-09-02 02:00:00 ERROR [worker-0] timeout waiting for upstream (req=48360)
2026-09-02 02:01:07 INFO [worker-1] cache miss path=/api/v1/item/9
2026-09-02 02:02:14 WARN [worker-2] slow response 576ms
2026-09-02 02:03:21 WARN [worker-3] slow response 1084ms
2026-09-02 02:04:28 INFO [worker-4] request served path=/api/v1/item/12
2026-09-02 02:05:35 INFO [worker-5] cache miss path=/api/v1/item/13
2026-09-02 02:06:42 INFO [worker-6] scheduled job finished path=/api/v1/item/14
2026-09-02 02:07:49 INFO [worker-7] scheduled job finished path=/api/v1/item/15
2026-09-02 02:08:56 WARN [worker-0] slow response 2964ms
2026-09-02 02:09:03 INFO [worker-1] cache hit path=/api/v1/item/17
2026-09-02 02:10:10 INFO [worker-2] cache miss path=/api/v1/item/18
2026-09-02 02:11:17 INFO [worker-3] worker heartbeat path=/api/v1/item/19
2026-09-02 02:12:24 INFO [worker-4] cache miss path=/api/v1/item/20
2026-09-02 02:13:31 INFO [worker-5] scheduled job finished path=/api/v1/item/21
2026-09-02 02:14:38 INFO [worker-6] worker heartbeat path=/api/v1/item/22
2026-09-02 02:15:45 INFO [worker-7] cache miss path=/api/v1/item/23
2026-09-02 02:16:52 INFO [worker-0] cache miss path=/api/v1/item/24
2026-09-02 02:17:59 WARN [worker-1] slow response 537ms
2026-09-02 02:18:06 INFO [worker-2] request served path=/api/v1/item/26
2026-09-02 02:19:13 INFO [worker-3] cache miss path=/api/v1/item/27
2026-09-02 02:20:20 WARN [worker-4] slow response 1434ms
2026-09-02 02:21:27 INFO [worker-5] request served path=/api/v1/item/29
2026-09-02 02:22:34 INFO [worker-6] scheduled job finished path=/api/v1/item/30
2026-09-02 02:23:41 WARN [worker-7] slow response 746ms
2026-09-02 02:24:48 INFO [worker-0] cache hit path=/api/v1/item/32
2026-09-02 02:25:55 INFO [worker-1] cache hit path=/api/v1/item/33
2026-09-02 02:26:02 INFO [worker-2] scheduled job finished path=/api/v1/item/34
2026-09-02 02:27:09 INFO [worker-3] cache hit path=/api/v1/item/35
2026-09-02 02:28:16 INFO [worker-4] cache hit path=/api/v1/item/36
2026-09-02 02:29:23 INFO [worker-5] cache miss path=/api/v1/item/37
2026-09-02 02:30:30 INFO [worker-6] cache hit path=/api/v1/item/38
2026-09-02 02:31:37 INFO [worker-7] worker heartbeat path=/api/v1/item/39
2026-09-02 02:32:44 INFO [worker-0] cache miss path=/api/v1/item/40
2026-09-02 02:33:51 INFO [worker-1] worker heartbeat path=/api/v1/item/41
2026-09-02 02:34:58 INFO [worker-2] cache miss path=/api/v1/item/42
2026-09-02 02:35:05 INFO [worker-3] request served path=/api/v1/item/43
2026-09-02 02:36:12 WARN [worker-4] slow response 563ms
2026-09-02 02:37:19 ERROR [worker-5] timeout waiting for upstream (req=49507)
2026-09-02 02:38:26 INFO [worker-6] cache miss path=/api/v1/item/46
2026-09-02 02:39:33 ERROR [worker-7] timeout waiting for upstream (req=49569)
2026-09-02 02:40:40 INFO [worker-0] worker heartbeat path=/api/v1/item/48
2026-09-02 02:41:47 INFO [worker-1] cache hit path=/api/v1/item/49
2026-09-02 02:42:54 ERROR [worker-2] connection reset by peer (req=49662)
2026-09-02 02:43:01 INFO [worker-3] cache hit path=/api/v1/item/51
2026-09-02 02:44:08 INFO [worker-4] cache hit path=/api/v1/item/52
2026-09-02 02:45:15 INFO [worker-5] worker heartbeat path=/api/v1/item/53
2026-09-02 02:46:22 INFO [worker-6] cache miss path=/api/v1/item/54
2026-09-02 02:47:29 INFO [worker-7] worker heartbeat path=/api/v1/item/55
2026-09-02 02:48:36 INFO [worker-0] scheduled job finished path=/api/v1/item/56
2026-09-02 02:49:43 INFO [worker-1] worker heartbeat path=/api/v1/item/57
2026-09-02 02:50:50 INFO [worker-2] cache miss path=/api/v1/item/58
2026-09-02 02:51:57 INFO [worker-3] cache hit path=/api/v1/item/59
2026-09-02 02:52:04 INFO [worker-4] cache miss path=/api/v1/item/60
2026-09-02 02:53:11 WARN [worker-5] slow response 516ms
2026-09-02 02:54:18 INFO [worker-6] cache hit path=/api/v1/item/62
2026-09-02 02:55:25 WARN [worker-7] slow response 2999ms
2026-09-02 02:56:32 INFO [worker-0] worker heartbeat path=/api/v1/item/64
2026-09-02 02:57:39 INFO [worker-1] request served path=/api/v1/item/65
2026-09-02 02:58:46 INFO [worker-2] cache hit path=/api/v1/item/66
2026-09-02 02:59:53 INFO [worker-3] cache miss path=/api/v1/item/67
2026-09-02 03:00:00 ERROR [worker-4] invalid session token (req=50220)
2026-09-02 03:01:07 INFO [worker-5] worker heartbeat path=/api/v1/item/69
2026-09-02 03:02:14 INFO [worker-6] cache miss path=/api/v1/item/70
2026-09-02 03:03:21 INFO [worker-7] request served path=/api/v1/item/71
2026-09-02 03:04:28 WARN [worker-0] slow response 538ms
2026-09-02 03:05:35 WARN [worker-1] slow response 1739ms
2026-09-02 03:06:42 WARN [worker-2] slow response 1940ms
2026-09-02 03:07:49 WARN [worker-3] slow response 1191ms
2026-09-02 03:08:56 INFO [worker-4] worker heartbeat path=/api/v1/item/76
2026-09-02 03:09:03 WARN [worker-5] slow response 1890ms
2026-09-02 03:10:10 INFO [worker-6] worker heartbeat path=/api/v1/item/78
2026-09-02 03:11:17 INFO [worker-7] request served path=/api/v1/item/79
2026-09-02 03:12:24 INFO [worker-0] cache hit path=/api/v1/item/80
2026-09-02 03:13:31 INFO [worker-1] request served path=/api/v1/item/81
2026-09-02 03:14:38 ERROR [worker-2] timeout waiting for upstream (req=50654)
2026-09-02 03:15:45 INFO [worker-3] worker heartbeat path=/api/v1/item/83
2026-09-02 03:16:52 INFO [worker-4] request served path=/api/v1/item/84
2026-09-02 03:17:59 ERROR [worker-5] invalid session token (req=50747)
2026-09-02 03:18:06 ERROR [worker-6] connection reset by peer (req=50778)
2026-09-02 03:19:13 INFO [worker-7] cache hit path=/api/v1/item/87
2026-09-02 03:20:20 INFO [worker-0] request served path=/api/v1/item/88
2026-09-02 03:21:27 WARN [worker-1] slow response 2713ms
2026-09-02 03:22:34 WARN [worker-2] slow response 2734ms
2026-09-02 03:23:41 INFO [worker-3] request served path=/api/v1/item/91
2026-09-02 03:24:48 INFO [worker-4] worker heartbeat path=/api/v1/item/92
2026-09-02 03:25:55 INFO [worker-5] request served path=/api/v1/item/93
2026-09-02 03:26:02 INFO [worker-6] cache hit path=/api/v1/item/94
2026-09-02 03:27:09 INFO [worker-7] cache hit path=/api/v1/item/95
2026-09-02 03:28:16 INFO [worker-0] cache miss path=/api/v1/item/96
2026-09-02 03:29:23 INFO [worker-1] request served path=/api/v1/item/0
2026-09-02 03:30:30 INFO [worker-2] request served path=/api/v1/item/1
2026-09-02 03:31:37 INFO [worker-3] cache hit path=/api/v1/item/2
2026-09-02 03:32:44 INFO [worker-4] worker heartbeat path=/api/v1/item/3
2026-09-02 03:33:51 INFO [worker-5] cache miss path=/api/v1/item/4
2026-09-02 03:34:58 INFO [worker-6] cache miss path=/api/v1/item/5
2026-09-02 03:35:05 INFO [worker-7] worker heartbeat path=/api/v1/item/6
2026-09-02 03:36:12 INFO [worker-0] scheduled job finished path=/api/v1/item/7
2026-09-02 03:37:19 INFO [worker-1] worker heartbeat path=/api/v1/item/8
2026-09-02 03:38:26 INFO [worker-2] cache miss path=/api/v1/item/9
2026-09-02 03:39:33 INFO [worker-3] cache miss path=/api/v1/item/10
2026-09-02 03:40:40 INFO [worker-4] worker heartbeat path=/api/v1/item/11
2026-09-02 03:41:47 INFO [worker-5] worker heartbeat path=/api/v1/item/12
2026-09-02 03:42:54 INFO [worker-6] worker heartbeat path=/api/v1/item/13
2026-09-02 03:43:01 INFO [worker-7] request served path=/api/v1/item/14
2026-09-02 03:44:08 INFO [worker-0] scheduled job finished path=/api/v1/item/15
2026-09-02 03:45:15 INFO [worker-1] cache miss path=/api/v1/item/16
2026-09-02 03:46:22 INFO [worker-2] worker heartbeat path=/api/v1/item/17
2026-09-02 03:47:29 INFO [worker-3] cache hit path=/api/v1/item/18
2026-09-02 03:48:36 INFO [worker-4] request served path=/api/v1/item/19
2026-09-02 03:49:43 INFO [worker-5] request served path=/api/v1/item/20
2026-09-02 03:50:50 INFO [worker-6] request served path=/api/v1/item/21
2026-09-02 03:51:57 INFO [worker-7] scheduled job finished path=/api/v1/item/22
2026-09-02 03:52:04 INFO [worker-0] worker heartbeat path=/api/v1/item/23
2026-09-02 03:53:11 INFO [worker-1] cache miss path=/api/v1/item/24
2026-09-02 03:54:18 INFO [worker-2] scheduled job finished path=/api/v1/item/25
2026-09-02 03:55:25 ERROR [worker-3] invalid session token (req=51925)
2026-09-02 03:56:32 INFO [worker-4] scheduled job finished path=/api/v1/item/27
2026-09-02 03:57:39 INFO [worker-5] scheduled job finished path=/api/v1/item/28
2026-09-02 03:58:46 INFO [worker-6] cache hit path=/api/v1/item/29
2026-09-02 03:59:53 INFO [worker-7] worker heartbeat path=/api/v1/item/30
2026-09-02 04:00:00 INFO [worker-0] request served path=/api/v1/item/31
2026-09-02 04:01:07 INFO [worker-1] scheduled job finished path=/api/v1/item/32
2026-09-02 04:02:14 INFO [worker-2] cache miss path=/api/v1/item/33
2026-09-02 04:03:21 ERROR [worker-3] invalid session token (req=52173)
2026-09-02 04:04:28 INFO [worker-4] scheduled job finished path=/api/v1/item/35
2026-09-02 04:05:35 INFO [worker-5] cache miss path=/api/v1/item/36
2026-09-02 04:06:42 INFO [worker-6] worker heartbeat path=/api/v1/item/37
2026-09-02 04:07:49 INFO [worker-7] cache miss path=/api/v1/item/38
2026-09-02 04:08:56 INFO [worker-0] worker heartbeat path=/api/v1/item/39
2026-09-02 04:09:03 INFO [worker-1] cache hit path=/api/v1/item/40
2026-09-02 04:10:10 ERROR [worker-2] invalid session token (req=52390)
2026-09-02 04:11:17 INFO [worker-3] cache hit path=/api/v1/item/42
2026-09-02 04:12:24 INFO [worker-4] cache miss path=/api/v1/item/43
2026-09-02 04:13:31 INFO [worker-5] cache hit path=/api/v1/item/44
2026-09-02 04:14:38 WARN [worker-6] slow response 2385ms
2026-09-02 04:15:45 WARN [worker-7] slow response 677ms
2026-09-02 04:16:52 INFO [worker-0] cache miss path=/api/v1/item/47
2026-09-02 04:17:59 INFO [worker-1] worker heartbeat path=/api/v1/item/48
2026-09-02 04:18:06 WARN [worker-2] slow response 1130ms
2026-09-02 04:19:13 INFO [worker-3] worker heartbeat path=/api/v1/item/50
2026-09-02 04:20:20 WARN [worker-4] slow response 1960ms
2026-09-02 04:21:27 INFO [worker-5] scheduled job finished path=/api/v1/item/52
2026-09-02 04:22:34 INFO [worker-6] worker heartbeat path=/api/v1/item/53
2026-09-02 04:23:41 INFO [worker-7] cache miss path=/api/v1/item/54
2026-09-02 04:24:48 INFO [worker-0] worker heartbeat path=/api/v1/item/55
2026-09-02 04:25:55 INFO [worker-1] worker heartbeat path=/api/v1/item/56
2026-09-02 04:26:02 INFO [worker-2] cache hit path=/api/v1/item/57
2026-09-02 04:27:09 INFO [worker-3] cache hit path=/api/v1/item/58
2026-09-02 04:28:16 ERROR [worker-4] connection reset by peer (req=52948)
2026-09-02 04:29:23 INFO [worker-5] cache hit path=/api/v1/item/60
2026-09-02 04:30:30 INFO [worker-6] scheduled job finished path=/api/v1/item/61
2026-09-02 04:31:37 INFO [worker-7] worker heartbeat path=/api/v1/item/62
2026-09-02 04:32:44 INFO [worker-0] scheduled job finished path=/api/v1/item/63
2026-09-02 04:33:51 INFO [worker-1] scheduled job finished path=/api/v1/item/64
2026-09-02 04:34:58 INFO [worker-2] scheduled job finished path=/api/v1/item/65
2026-09-02 04:35:05 WARN [worker-3] slow response 2730ms
2026-09-02 04:36:12 INFO [worker-4] cache miss path=/api/v1/item/67
2026-09-02 04:37:19 INFO [worker-5] cache miss path=/api/v1/item/68
2026-09-02 04:38:26 INFO [worker-6] request served path=/api/v1/item/69
2026-09-02 04:39:33 INFO [worker-7] worker heartbeat path=/api/v1/item/70
2026-09-02 04:40:40 INFO [worker-0] cache hit path=/api/v1/item/71
2026-09-02 04:41:47 WARN [worker-1] slow response 1689ms
2026-09-02 04:42:54 INFO [worker-2] cache miss path=/api/v1/item/73
2026-09-02 04:43:01 INFO [worker-3] worker heartbeat path=/api/v1/item/74
2026-09-02 04:44:08 INFO [worker-4] request served path=/api/v1/item/75
2026-09-02 04:45:15 INFO [worker-5] cache miss path=/api/v1/item/76
2026-09-02 04:46:22 INFO [worker-6] worker heartbeat path=/api/v1/item/77
2026-09-02 04:47:29 INFO [worker-7] cache miss path=/api/v1/item/78
2026-09-02 04:48:36 INFO [worker-0] worker heartbeat path=/api/v1/item/79
2026-09-02 04:49:43 INFO [worker-1] cache hit path=/api/v1/item/80
2026-09-02 04:50:50 INFO [worker-2] cache hit path=/api/v1/item/81
2026-09-02 04:51:57 INFO [worker-3] scheduled job finished path=/api/v1/item/82
2026-09-02 04:52:04 INFO [worker-4] cache hit path=/api/v1/item/83
2026-09-02 04:53:11 INFO [worker-5] request served path=/api/v1/item/84
2026-09-02 04:54:18 ERROR [worker-6] connection reset by peer (req=53754)
2026-09-02 04:55:25 INFO [worker-7] worker heartbeat path=/api/v1/item/86
2026-09-02 04:56:32 INFO [worker-0] request served path=/api/v1/item/87
2026-09-02 04:57:39 WARN [worker-1] slow response 2808ms
2026-09-02 04:58:46 INFO [worker-2] worker heartbeat path=/api/v1/item/89
2026-09-02 04:59:53 INFO [worker-3] worker heartbeat path=/api/v1/item/90
2026-09-02 05:00:00 INFO [worker-4] worker heartbeat path=/api/v1/item/91
2026-09-02 05:01:07 WARN [worker-5] slow response 766ms
2026-09-02 05:02:14 INFO [worker-6] worker heartbeat path=/api/v1/item/93
2026-09-02 05:03:21 WARN [worker-7] slow response 538ms
2026-09-02 05:04:28 INFO [worker-0] cache hit path=/api/v1/item/95
2026-09-02 05:05:35 INFO [worker-1] request served path=/api/v1/item/96
2026-09-02 05:06:42 INFO [worker-2] cache miss path=/api/v1/item/0
2026-09-02 05:07:49 INFO [worker-3] worker heartbeat path=/api/v1/item/1
2026-09-02 05:08:56 INFO [worker-4] request served path=/api/v1/item/2
2026-09-02 05:09:03 WARN [worker-5] slow response 815ms
2026-09-02 05:10:10 INFO [worker-6] request served path=/api/v1/item/4
2026-09-02 05:11:17 WARN [worker-7] slow response 861ms
2026-09-02 05:12:24 INFO [worker-0] cache hit path=/api/v1/item/6
2026-09-02 05:13:31 INFO [worker-1] request served path=/api/v1/item/7
2026-09-02 05:14:38 INFO [worker-2] cache hit path=/api/v1/item/8
2026-09-02 05:15:45 INFO [worker-3] worker heartbeat path=/api/v1/item/9
2026-09-02 05:16:52 INFO [worker-4] scheduled job finished path=/api/v1/item/10
2026-09-02 05:17:59 INFO [worker-5] worker heartbeat path=/api/v1/item/11
2026-09-02 05:18:06 INFO [worker-6] cache hit path=/api/v1/item/12
2026-09-02 05:19:13 INFO [worker-7] request served path=/api/v1/item/13
2026-09-02 05:20:20 INFO [worker-0] cache hit path=/api/v1/item/14
2026-09-02 05:21:27 INFO [worker-1] cache hit path=/api/v1/item/15
2026-09-02 05:22:34 INFO [worker-2] request served path=/api/v1/item/16
2026-09-02 05:23:41 WARN [worker-3] slow response 2707ms
2026-09-02 05:24:48 INFO [worker-4] cache miss path=/api/v1/item/18
2026-09-02 05:25:55 WARN [worker-5] slow response 2071ms
2026-09-02 05:26:02 INFO [worker-6] cache miss path=/api/v1/item/20
2026-09-02 05:27:09 INFO [worker-7] scheduled job finished path=/api/v1/item/21
2026-09-02 05:28:16 INFO [worker-0] request served path=/api/v1/item/22
2026-09-02 05:29:23 INFO [worker-1] cache hit path=/api/v1/item/23
2026-09-02 05:30:30 INFO [worker-2] worker heartbeat path=/api/v1/item/24
2026-09-02 05:31:37 INFO [worker-3] cache miss path=/api/v1/item/25
2026-09-02 05:32:44 INFO [worker-4] cache hit path=/api/v1/item/26
2026-09-02 05:33:51 ERROR [worker-5] timeout waiting for upstream (req=54963)
2026-09-02 05:34:58 INFO [worker-6] worker heartbeat path=/api/v1/item/28
2026-09-02 05:35:05 INFO [worker-7] scheduled job finished path=/api/v1/item/29
2026-09-02 05:36:12 WARN [worker-0] slow response 1899ms
2026-09-02 05:37:19 INFO [worker-1] scheduled job finished path=/api/v1/item/31
2026-09-02 05:38:26 INFO [worker-2] cache miss path=/api/v1/item/32
2026-09-02 05:39:33 ERROR [worker-3] connection reset by peer (req=55149)
2026-09-02 05:40:40 INFO [worker-4] cache miss path=/api/v1/item/34
2026-09-02 05:41:47 ERROR [worker-5] connection reset by peer (req=55211)
2026-09-02 05:42:54 INFO [worker-6] cache hit path=/api/v1/item/36
2026-09-02 05:43:01 INFO [worker-7] scheduled job finished path=/api/v1/item/37
2026-09-02 05:44:08 INFO [worker-0] worker heartbeat path=/api/v1/item/38
2026-09-02 05:45:15 INFO [worker-1] worker heartbeat path=/api/v1/item/39
2026-09-02 05:46:22 INFO [worker-2] cache hit path=/api/v1/item/40
2026-09-02 05:47:29 ERROR [worker-3] connection reset by peer (req=55397)
2026-09-02 05:48:36 INFO [worker-4] request served path=/api/v1/item/42
2026-09-02 05:49:43 WARN [worker-5] slow response 794ms
2026-09-02 05:50:50 INFO [worker-6] worker heartbeat path=/api/v1/item/44
2026-09-02 05:51:57 WARN [worker-7] slow response 2798ms
2026-09-02 05:52:04 INFO [worker-0] cache hit path=/api/v1/item/46
2026-09-02 05:53:11 INFO [worker-1] cache miss path=/api/v1/item/47
2026-09-02 05:54:18 INFO [worker-2] scheduled job finished path=/api/v1/item/48
2026-09-02 05:55:25 INFO [worker-3] cache hit path=/api/v1/item/49
2026-09-02 05:56:32 INFO [worker-4] cache hit path=/api/v1/item/50
2026-09-02 05:57:39 INFO [worker-5] worker heartbeat path=/api/v1/item/51
2026-09-02 05:58:46 WARN [worker-6] slow response 874ms
2026-09-02 05:59:53 INFO [worker-7] worker heartbeat path=/api/v1/item/53
2026-09-02 06:00:00 INFO [worker-0] cache miss path=/api/v1/item/54
2026-09-02 06:01:07 INFO [worker-1] worker heartbeat path=/api/v1/item/55
2026-09-02 06:02:14 INFO [worker-2] cache hit path=/api/v1/item/56
2026-09-02 06:03:21 INFO [worker-3] cache hit path=/api/v1/item/57
2026-09-02 06:04:28 ERROR [worker-4] invalid session token (req=55924)
2026-09-02 06:05:35 INFO [worker-5] cache hit path=/api/v1/item/59
2026-09-02 06:06:42 INFO [worker-6] cache miss path=/api/v1/item/60
2026-09-02 06:07:49 INFO [worker-7] cache hit path=/api/v1/item/61
2026-09-02 06:08:56 INFO [worker-0] cache miss path=/api/v1/item/62
2026-09-02 06:09:03 INFO [worker-1] cache hit path=/api/v1/item/63
2026-09-02 06:10:10 WARN [worker-2] slow response 1445ms
2026-09-02 06:11:17 INFO [worker-3] request served path=/api/v1/item/65
2026-09-02 06:12:24 INFO [worker-4] cache hit path=/api/v1/item/66
2026-09-02 06:13:31 INFO [worker-5] cache hit path=/api/v1/item/67
2026-09-02 06:14:38 INFO [worker-6] request served path=/api/v1/item/68
2026-09-02 06:15:45 WARN [worker-7] slow response 1109ms
2026-09-02 06:16:52 INFO [worker-0] worker heartbeat path=/api/v1/item/70
2026-09-02 06:17:59 INFO [worker-1] worker heartbeat path=/api/v1/item/71
2026-09-02 06:18:06 WARN [worker-2] slow response 1941ms
2026-09-02 06:19:13 WARN [worker-3] slow response 1362ms
2026-09-02 06:20:20 INFO [worker-4] scheduled job finished path=/api/v1/item/74
2026-09-02 06:21:27 INFO [worker-5] cache miss path=/api/v1/item/75
2026-09-02 06:22:34 INFO [worker-6] request served path=/api/v1/item/76
2026-09-02 06:23:41 INFO [worker-7] worker heartbeat path=/api/v1/item/77
2026-09-02 06:24:48 INFO [worker-0] request served path=/api/v1/item/78
2026-09-02 06:25:55 INFO [worker-1] cache miss path=/api/v1/item/79
2026-09-02 06:26:02 INFO [worker-2] scheduled job finished path=/api/v1/item/80
2026-09-02 06:27:09 INFO [worker-3] request served path=/api/v1/item/81
2026-09-02 06:28:16 INFO [worker-4] worker heartbeat path=/api/v1/item/82
2026-09-02 06:29:23 INFO [worker-5] cache hit path=/api/v1/item/83
2026-09-02 06:30:30 INFO [worker-6] cache miss path=/api/v1/item/84
2026-09-02 06:31:37 ERROR [worker-7] timeout waiting for upstream (req=56761)
2026-09-02 06:32:44 INFO [worker-0] cache miss path=/api/v1/item/86
2026-09-02 06:33:51 WARN [worker-1] slow response 1123ms
2026-09-02 06:34:58 INFO [worker-2] request served path=/api/v1/item/88
2026-09-02 06:35:05 WARN [worker-3] slow response 1934ms
2026-09-02 06:36:12 INFO [worker-4] cache hit path=/api/v1/item/90
2026-09-02 06:37:19 INFO [worker-5] cache miss path=/api/v1/item/91
2026-09-02 06:38:26 WARN [worker-6] slow response 1721ms
2026-09-02 06:39:33 INFO [worker-7] scheduled job finished path=/api/v1/item/93
2026-09-02 06:40:40 INFO [worker-0] scheduled job finished path=/api/v1/item/94
2026-09-02 06:41:47 WARN [worker-1] slow response 1160ms
2026-09-02 06:42:54 INFO [worker-2] worker heartbeat path=/api/v1/item/96
2026-09-02 06:43:01 ERROR [worker-3] connection reset by peer (req=57133)
2026-09-02 06:44:08 INFO [worker-4] worker heartbeat path=/api/v1/item/1
2026-09-02 06:45:15 INFO [worker-5] cache hit path=/api/v1/item/2
2026-09-02 06:46:22 INFO [worker-6] cache miss path=/api/v1/item/3
2026-09-02 06:47:29 ERROR [worker-7] invalid session token (req=57257)
2026-09-02 06:48:36 INFO [worker-0] cache miss path=/api/v1/item/5
2026-09-02 06:49:43 WARN [worker-1] slow response 868ms
2026-09-02 06:50:50 INFO [worker-2] worker heartbeat path=/api/v1/item/7
2026-09-02 06:51:57 INFO [worker-3] cache miss path=/api/v1/item/8
2026-09-02 06:52:04 WARN [worker-4] slow response 1477ms
2026-09-02 06:53:11 WARN [worker-5] slow response 2532ms
2026-09-02 06:54:18 INFO [worker-6] scheduled job finished path=/api/v1/item/11
2026-09-02 06:55:25 WARN [worker-7] slow response 2416ms
2026-09-02 06:56:32 INFO [worker-0] scheduled job finished path=/api/v1/item/13
2026-09-02 06:57:39 INFO [worker-1] scheduled job finished path=/api/v1/item/14
2026-09-02 06:58:46 INFO [worker-2] cache hit path=/api/v1/item/15
2026-09-02 06:59:53 INFO [worker-3] scheduled job finished path=/api/v1/item/16
2026-09-02 07:00:00 INFO [worker-4] cache hit path=/api/v1/item/17
2026-09-02 07:01:07 INFO [worker-5] scheduled job finished path=/api/v1/item/18
2026-09-02 07:02:14 INFO [worker-6] request served path=/api/v1/item/19
2026-09-02 07:03:21 ERROR [worker-7] disk quota exceeded (req=57753)
2026-09-02 07:04:28 INFO [worker-0] scheduled job finished path=/api/v1/item/21
2026-09-02 07:05:35 INFO [worker-1] cache hit path=/api/v1/item/22
2026-09-02 07:06:42 WARN [worker-2] slow response 1201ms
2026-09-02 07:07:49 WARN [worker-3] slow response 1582ms
2026-09-02 07:08:56 INFO [worker-4] worker heartbeat path=/api/v1/item/25
2026-09-02 07:09:03 INFO [worker-5] scheduled job finished path=/api/v1/item/26
2026-09-02 07:10:10 WARN [worker-6] slow response 2833ms
2026-09-02 07:11:17 INFO [worker-7] request served path=/api/v1/item/28
2026-09-02 07:12:24 INFO [worker-0] cache hit path=/api/v1/item/29
2026-09-02 07:13:31 INFO [worker-1] scheduled job finished path=/api/v1/item/30
2026-09-02 07:14:38 INFO [worker-2] scheduled job finished path=/api/v1/item/31
2026-09-02 07:15:45 INFO [worker-3] request served path=/api/v1/item/32
2026-09-02 07:16:52 INFO [worker-4] request served path=/api/v1/item/33
2026-09-02 07:17:59 INFO [worker-5] request served path=/api/v1/item/34
2026-09-02 07:18:06 ERROR [worker-6] timeout waiting for upstream (req=58218)
2026-09-02 07:19:13 INFO [worker-7] cache miss path=/api/v1/item/36
2026-09-02 07:20:20 INFO [worker-0] worker heartbeat path=/api/v1/item/37
2026-09-02 07:21:27 INFO [worker-1] cache hit path=/api/v1/item/38
2026-09-02 07:22:34 ERROR [worker-2] disk quota exceeded (req=58342)
2026-09-02 07:23:41 INFO [worker-3] worker heartbeat path=/api/v1/item/40
2026-09-02 07:24:48 ERROR [worker-4] invalid session token (req=58404)
2026-09-02 07:25:55 WARN [worker-5] slow response 2594ms
2026-09-02 07:26:02 INFO [worker-6] cache hit path=/api/v1/item/43
2026-09-02 07:27:09 INFO [worker-7] cache hit path=/api/v1/item/44
2026-09-02 07:28:16 INFO [worker-0] cache hit path=/api/v1/item/45
2026-09-02 07:29:23 INFO [worker-1] request served path=/api/v1/item/46
2026-09-02 07:30:30 INFO [worker-2] worker heartbeat path=/api/v1/item/47
2026-09-02 07:31:37 ERROR [worker-3] timeout waiting for upstream (req=58621)
2026-09-02 07:32:44 INFO [worker-4] request served path=/api/v1/item/49
2026-09-02 07:33:51 INFO [worker-5] request served path=/api/v1/item/50
2026-09-02 07:34:58 WARN [worker-6] slow response 706ms
2026-09-02 07:35:05 INFO [worker-7] worker heartbeat path=/api/v1/item/52
2026-09-02 07:36:12 WARN [worker-0] slow response 1930ms
2026-09-02 07:37:19 INFO [worker-1] worker heartbeat path=/api/v1/item/54
2026-09-02 07:38:26 INFO [worker-2] worker heartbeat path=/api/v1/item/55
2026-09-02 07:39:33 WARN [worker-3] slow response 1740ms
2026-09-02 07:40:40 INFO [worker-4] worker heartbeat path=/api/v1/item/57
2026-09-02 07:41:47 INFO [worker-5] scheduled job finished path=/api/v1/item/58
2026-09-02 07:42:54 WARN [worker-6] slow response 2080ms
2026-09-02 07:43:01 INFO [worker-7] scheduled job finished path=/api/v1/item/60
2026-09-02 07:44:08 INFO [worker-0] scheduled job finished path=/api/v1/item/61
2026-09-02 07:45:15 INFO [worker-1] request served path=/api/v1/item/62
2026-09-02 07:46:22 ERROR [worker-2] invalid session token (req=59086)
2026-09-02 07:47:29 INFO [worker-3] cache hit path=/api/v1/item/64
2026-09-02 07:48:36 INFO [worker-4] scheduled job finished path=/api/v1/item/65
2026-09-02 07:49:43 INFO [worker-5] cache hit path=/api/v1/item/66
2026-09-02 07:50:50 INFO [worker-6] scheduled job finished path=/api/v1/item/67
2026-09-02 07:51:57 INFO [worker-7] request served path=/api/v1/item/68
2026-09-02 07:52:04 INFO [worker-0] worker heartbeat path=/api/v1/item/69
2026-09-02 07:53:11 INFO [worker-1] cache miss path=/api/v1/item/70
2026-09-02 07:54:18 INFO [worker-2] worker heartbeat path=/api/v1/item/71
2026-09-02 07:55:25 INFO [worker-3] cache hit path=/api/v1/item/72
2026-09-02 07:56:32 INFO [worker-4] cache miss path=/api/v1/item/73
2026-09-02 07:57:39 INFO [worker-5] worker heartbeat path=/api/v1/item/74
2026-09-02 07:58:46 INFO [worker-6] request served path=/api/v1/item/75
2026-09-02 07:59:53 INFO [worker-7] scheduled job finished path=/api/v1/item/76
2026-09-02 08:00:00 ERROR [worker-0] connection reset by peer (req=59520)
2026-09-02 08:01:07 INFO [worker-1] worker heartbeat path=/api/v1/item/78
2026-09-02 08:02:14 INFO [worker-2] cache miss path=/api/v1/item/79
2026-09-02 08:03:21 INFO [worker-3] cache miss path=/api/v1/item/80
2026-09-02 08:04:28 INFO [worker-4] request served path=/api/v1/item/81
2026-09-02 08:05:35 INFO [worker-5] worker heartbeat path=/api/v1/item/82
2026-09-02 08:06:42 INFO [worker-6] cache miss path=/api/v1/item/83
2026-09-02 08:07:49 INFO [worker-7] cache miss path=/api/v1/item/84
2026-09-02 08:08:56 WARN [worker-0] slow response 2310ms
2026-09-02 08:09:03 INFO [worker-1] scheduled job finished path=/api/v1/item/86
2026-09-02 08:10:10 INFO [worker-2] request served path=/api/v1/item/87
2026-09-02 08:11:17 INFO [worker-3] request served path=/api/v1/item/88
2026-09-02 08:12:24 INFO [worker-4] cache hit path=/api/v1/item/89
2026-09-02 08:13:31 INFO [worker-5] cache miss path=/api/v1/item/90
2026-09-02 08:14:38 INFO [worker-6] cache miss path=/api/v1/item/91
2026-09-02 08:15:45 WARN [worker-7] slow response 1939ms
2026-09-02 08:16:52 INFO [worker-0] scheduled job finished path=/api/v1/item/93
2026-09-02 08:17:59 INFO [worker-1] worker heartbeat path=/api/v1/item/94
2026-09-02 08:18:06 INFO [worker-2] cache miss path=/api/v1/item/95
2026-09-02 08:19:13 INFO [worker-3] scheduled job finished path=/api/v1/item/96
2026-09-02 08:20:20 INFO [worker-4] scheduled job finished path=/api/v1/item/0
2026-09-02 08:21:27 WARN [worker-5] slow response 1164ms
2026-09-02 08:22:34 INFO [worker-6] request served path=/api/v1/item/2
2026-09-02 08:23:41 ERROR [worker-7] connection reset by peer (req=60233)
2026-09-02 08:24:48 INFO [worker-0] worker heartbeat path=/api/v1/item/4
2026-09-02 08:25:55 INFO [worker-1] cache miss path=/api/v1/item/5
2026-09-02 08:26:02 INFO [worker-2] request served path=/api/v1/item/6
2026-09-02 08:27:09 INFO [worker-3] scheduled job finished path=/api/v1/item/7
2026-09-02 08:28:16 INFO [worker-4] cache hit path=/api/v1/item/8
2026-09-02 08:29:23 INFO [worker-5] cache miss path=/api/v1/item/9
2026-09-02 08:30:30 INFO [worker-6] request served path=/api/v1/item/10
2026-09-02 08:31:37 INFO [worker-7] cache miss path=/api/v1/item/11
2026-09-02 08:32:44 INFO [worker-0] cache miss path=/api/v1/item/12
2026-09-02 08:33:51 INFO [worker-1] worker heartbeat path=/api/v1/item/13
2026-09-02 08:34:58 INFO [worker-2] request served path=/api/v1/item/14
2026-09-02 08:35:05 INFO [worker-3] worker heartbeat path=/api/v1/item/15
2026-09-02 08:36:12 INFO [worker-4] request served path=/api/v1/item/16
2026-09-02 08:37:19 ERROR [worker-5] invalid session token (req=60667)
2026-09-02 08:38:26 INFO [worker-6] scheduled job finished path=/api/v1/item/18
2026-09-02 08:39:33 INFO [worker-7] cache miss path=/api/v1/item/19
2026-09-02 08:40:40 INFO [worker-0] cache hit path=/api/v1/item/20
2026-09-02 08:41:47 INFO [worker-1] worker heartbeat path=/api/v1/item/21
2026-09-02 08:42:54 ERROR [worker-2] connection reset by peer (req=60822)
2026-09-02 08:43:01 WARN [worker-3] slow response 1611ms
2026-09-02 08:44:08 WARN [worker-4] slow response 2906ms
2026-09-02 08:45:15 INFO [worker-5] scheduled job finished path=/api/v1/item/25
2026-09-02 08:46:22 ERROR [worker-6] connection reset by peer (req=60946)
2026-09-02 08:47:29 INFO [worker-7] cache miss path=/api/v1/item/27
2026-09-02 08:48:36 INFO [worker-0] cache hit path=/api/v1/item/28
2026-09-02 08:49:43 INFO [worker-1] scheduled job finished path=/api/v1/item/29
2026-09-02 08:50:50 ERROR [worker-2] timeout waiting for upstream (req=61070)
2026-09-02 08:51:57 INFO [worker-3] request served path=/api/v1/item/31
2026-09-02 08:52:04 INFO [worker-4] worker heartbeat path=/api/v1/item/32
2026-09-02 08:53:11 INFO [worker-5] cache miss path=/api/v1/item/33
2026-09-02 08:54:18 INFO [worker-6] cache miss path=/api/v1/item/34
2026-09-02 08:55:25 INFO [worker-7] scheduled job finished path=/api/v1/item/35
2026-09-02 08:56:32 INFO [worker-0] request served path=/api/v1/item/36
2026-09-02 08:57:39 INFO [worker-1] cache miss path=/api/v1/item/37
2026-09-02 08:58:46 INFO [worker-2] cache hit path=/api/v1/item/38
2026-09-02 08:59:53 INFO [worker-3] request served path=/api/v1/item/39
2026-09-02 09:00:00 WARN [worker-4] slow response 2632ms
2026-09-02 09:01:07 WARN [worker-5] slow response 1777ms
2026-09-02 09:02:14 INFO [worker-6] scheduled job finished path=/api/v1/item/42
2026-09-02 09:03:21 INFO [worker-7] worker heartbeat path=/api/v1/item/43
2026-09-02 09:04:28 INFO [worker-0] cache miss path=/api/v1/item/44
2026-09-02 09:05:35 INFO [worker-1] cache hit path=/api/v1/item/45
2026-09-02 09:06:42 INFO [worker-2] worker heartbeat path=/api/v1/item/46
2026-09-02 09:07:49 WARN [worker-3] slow response 1814ms
2026-09-02 09:08:56 INFO [worker-4] worker heartbeat path=/api/v1/item/48
2026-09-02 09:09:03 WARN [worker-5] slow response 1565ms
2026-09-02 09:10:10 INFO [worker-6] cache miss path=/api/v1/item/50
2026-09-02 09:11:17 INFO [worker-7] worker heartbeat path=/api/v1/item/51
2026-09-02 09:12:24 INFO [worker-0] cache hit path=/api/v1/item/52
2026-09-02 09:13:31 INFO [worker-1] scheduled job finished path=/api/v1/item/53
2026-09-02 09:14:38 INFO [worker-2] worker heartbeat path=/api/v1/item/54
2026-09-02 09:15:45 INFO [worker-3] cache miss path=/api/v1/item/55
2026-09-02 09:16:52 ERROR [worker-4] connection reset by peer (req=61876)
2026-09-02 09:17:59 INFO [worker-5] scheduled job finished path=/api/v1/item/57
2026-09-02 09:18:06 INFO [worker-6] worker heartbeat path=/api/v1/item/58
2026-09-02 09:19:13 INFO [worker-7] cache miss path=/api/v1/item/59
2026-09-03 09:20:20 INFO [worker-0] worker heartbeat path=/api/v1/item/60
2026-09-03 09:21:27 INFO [worker-1] cache miss path=/api/v1/item/61
2026-09-03 09:22:34 INFO [worker-2] request served path=/api/v1/item/62
2026-09-03 09:23:41 INFO [worker-3] request served path=/api/v1/item/63
2026-09-03 09:24:48 ERROR [worker-4] invalid session token (req=62124)
2026-09-03 09:25:55 INFO [worker-5] cache miss path=/api/v1/item/65
2026-09-03 09:26:02 INFO [worker-6] cache miss path=/api/v1/item/66
2026-09-03 09:27:09 INFO [worker-7] cache hit path=/api/v1/item/67
2026-09-03 09:28:16 INFO [worker-0] scheduled job finished path=/api/v1/item/68
2026-09-03 09:29:23 WARN [worker-1] slow response 2968ms
2026-09-03 09:30:30 INFO [worker-2] worker heartbeat path=/api/v1/item/70
2026-09-03 09:31:37 INFO [worker-3] request served path=/api/v1/item/71
2026-09-03 09:32:44 INFO [worker-4] cache hit path=/api/v1/item/72
2026-09-03 09:33:51 INFO [worker-5] request served path=/api/v1/item/73
2026-09-03 09:34:58 INFO [worker-6] worker heartbeat path=/api/v1/item/74
2026-09-03 09:35:05 INFO [worker-7] cache miss path=/api/v1/item/75
2026-09-03 09:36:12 INFO [worker-0] worker heartbeat path=/api/v1/item/76
2026-09-03 09:37:19 INFO [worker-1] cache miss path=/api/v1/item/77
2026-09-03 09:38:26 INFO [worker-2] cache hit path=/api/v1/item/78
2026-09-03 09:39:33 INFO [worker-3] scheduled job finished path=/api/v1/item/79
2026-09-03 09:40:40 INFO [worker-4] cache miss path=/api/v1/item/80
2026-09-03 09:41:47 WARN [worker-5] slow response 1887ms
2026-09-03 09:42:54 INFO [worker-6] worker heartbeat path=/api/v1/item/82
2026-09-03 09:43:01 ERROR [worker-7] connection reset by peer (req=62713)
2026-09-03 09:44:08 INFO [worker-0] cache hit path=/api/v1/item/84
2026-09-03 09:45:15 INFO [worker-1] worker heartbeat path=/api/v1/item/85
2026-09-03 09:46:22 INFO [worker-2] cache miss path=/api/v1/item/86
2026-09-03 09:47:29 INFO [worker-3] cache hit path=/api/v1/item/87
2026-09-03 09:48:36 WARN [worker-4] slow response 1477ms
2026-09-03 09:49:43 INFO [worker-5] cache miss path=/api/v1/item/89
2026-09-03 09:50:50 INFO [worker-6] worker heartbeat path=/api/v1/item/90
2026-09-03 09:51:57 INFO [worker-7] cache hit path=/api/v1/item/91
2026-09-03 09:52:04 INFO [worker-0] worker heartbeat path=/api/v1/item/92
2026-09-03 09:53:11 INFO [worker-1] cache miss path=/api/v1/item/93
2026-09-03 09:54:18 INFO [worker-2] scheduled job finished path=/api/v1/item/94
2026-09-03 09:55:25 INFO [worker-3] scheduled job finished path=/api/v1/item/95
2026-09-03 09:56:32 INFO [worker-4] cache hit path=/api/v1/item/96
2026-09-03 09:57:39 INFO [worker-5] cache miss path=/api/v1/item/0
2026-09-03 09:58:46 WARN [worker-6] slow response 2830ms
2026-09-03 09:59:53 INFO [worker-7] request served path=/api/v1/item/2
2026-09-03 10:00:00 INFO [worker-0] scheduled job finished path=/api/v1/item/3
2026-09-03 10:01:07 ERROR [worker-1] invalid session token (req=63271)
2026-09-03 10:02:14 INFO [worker-2] request served path=/api/v1/item/5
2026-09-03 10:03:21 INFO [worker-3] cache hit path=/api/v1/item/6
2026-09-03 10:04:28 INFO [worker-4] scheduled job finished path=/api/v1/item/7
2026-09-03 10:05:35 ERROR [worker-5] connection reset by peer (req=63395)
2026-09-03 10:06:42 INFO [worker-6] request served path=/api/v1/item/9
2026-09-03 10:07:49 ERROR [worker-7] invalid session token (req=63457)
2026-09-03 10:08:56 WARN [worker-0] slow response 1419ms
2026-09-03 10:09:03 INFO [worker-1] cache miss path=/api/v1/item/12
2026-09-03 10:10:10 INFO [worker-2] scheduled job finished path=/api/v1/item/13
2026-09-03 10:11:17 INFO [worker-3] cache hit path=/api/v1/item/14
2026-09-03 10:12:24 INFO [worker-4] cache hit path=/api/v1/item/15
2026-09-03 10:13:31 INFO [worker-5] scheduled job finished path=/api/v1/item/16
2026-09-03 10:14:38 INFO [worker-6] request served path=/api/v1/item/17
2026-09-03 10:15:45 INFO [worker-7] cache hit path=/api/v1/item/18
2026-09-03 10:16:52 ERROR [worker-0] timeout waiting for upstream (req=63736)
2026-09-03 10:17:59 INFO [worker-1] request served path=/api/v1/item/20
2026-09-03 10:18:06 INFO [worker-2] cache miss path=/api/v1/item/21
2026-09-03 10:19:13 INFO [worker-3] scheduled job finished path=/api/v1/item/22
2026-09-03 10:20:20 WARN [worker-4] slow response 2098ms
2026-09-03 10:21:27 INFO [worker-5] scheduled job finished path=/api/v1/item/24
2026-09-03 10:22:34 INFO [worker-6] request served path=/api/v1/item/25
2026-09-03 10:23:41 INFO [worker-7] scheduled job finished path=/api/v1/item/26
2026-09-03 10:24:48 INFO [worker-0] cache miss path=/api/v1/item/27
2026-09-03 10:25:55 ERROR [worker-1] timeout waiting for upstream (req=64015)
2026-09-03 10:26:02 WARN [worker-2] slow response 2359ms
2026-09-03 10:27:09 INFO [worker-3] scheduled job finished path=/api/v1/item/30
2026-09-03 10:28:16 INFO [worker-4] cache miss path=/api/v1/item/31
2026-09-03 10:29:23 INFO [worker-5] request served path=/api/v1/item/32
2026-09-03 10:30:30 INFO [worker-6] cache miss path=/api/v1/item/33
2026-09-03 10:31:37 INFO [worker-7] request served path=/api/v1/item/34
2026-09-03 10:32:44 INFO [worker-0] scheduled job finished path=/api/v1/item/35
2026-09-03 10:33:51 ERROR [worker-1] invalid session token (req=64263)
2026-09-03 10:34:58 INFO [worker-2] cache hit path=/api/v1/item/37
2026-09-03 10:35:05 INFO [worker-3] cache hit path=/api/v1/item/38
2026-09-03 10:36:12 INFO [worker-4] cache miss path=/api/v1/item/39
2026-09-03 10:37:19 INFO [worker-5] request served path=/api/v1/item/40
2026-09-03 10:38:26 INFO [worker-6] scheduled job finished path=/api/v1/item/41
2026-09-03 10:39:33 INFO [worker-7] request served path=/api/v1/item/42
2026-09-03 10:40:40 INFO [worker-0] worker heartbeat path=/api/v1/item/43
2026-09-03 10:41:47 ERROR [worker-1] invalid session token (req=64511)
2026-09-03 10:42:54 INFO [worker-2] scheduled job finished path=/api/v1/item/45
2026-09-03 10:43:01 INFO [worker-3] cache miss path=/api/v1/item/46
2026-09-03 10:44:08 INFO [worker-4] scheduled job finished path=/api/v1/item/47
2026-09-03 10:45:15 INFO [worker-5] cache miss path=/api/v1/item/48
2026-09-03 10:46:22 INFO [worker-6] request served path=/api/v1/item/49
2026-09-03 10:47:29 INFO [worker-7] cache miss path=/api/v1/item/50
2026-09-03 10:48:36 INFO [worker-0] request served path=/api/v1/item/51
2026-09-03 10:49:43 INFO [worker-1] worker heartbeat path=/api/v1/item/52
2026-09-03 10:50:50 INFO [worker-2] cache miss path=/api/v1/item/53
2026-09-03 10:51:57 WARN [worker-3] slow response 1130ms
2026-09-03 10:52:04 INFO [worker-4] worker heartbeat path=/api/v1/item/55
2026-09-03 10:53:11 INFO [worker-5] request served path=/api/v1/item/56
2026-09-03 10:54:18 INFO [worker-6] cache miss path=/api/v1/item/57
2026-09-03 10:55:25 INFO [worker-7] cache hit path=/api/v1/item/58
2026-09-03 10:56:32 INFO [worker-0] scheduled job finished path=/api/v1/item/59
2026-09-03 10:57:39 INFO [worker-1] scheduled job finished path=/api/v1/item/60
2026-09-03 10:58:46 INFO [worker-2] cache miss path=/api/v1/item/61
2026-09-03 10:59:53 INFO [worker-3] request served path=/api/v1/item/62
2026-09-03 11:00:00 INFO [worker-4] cache hit path=/api/v1/item/63
2026-09-03 11:01:07 INFO [worker-5] scheduled job finished path=/api/v1/item/64
2026-09-03 11:02:14 INFO [worker-6] worker heartbeat path=/api/v1/item/65
2026-09-03 11:03:21 WARN [worker-7] slow response 2288ms
2026-09-03 11:04:28 WARN [worker-0] slow response 552ms
2026-09-03 11:05:35 WARN [worker-1] slow response 2897ms
2026-09-03 11:06:42 INFO [worker-2] request served path=/api/v1/item/69
2026-09-03 11:07:49 ERROR [worker-3] invalid session token (req=65317)
2026-09-03 11:08:56 INFO [worker-4] worker heartbeat path=/api/v1/item/71
2026-09-03 11:09:03 INFO [worker-5] cache hit path=/api/v1/item/72
2026-09-03 11:10:10 INFO [worker-6] scheduled job finished path=/api/v1/item/73
2026-09-03 11:11:17 INFO [worker-7] cache miss path=/api/v1/item/74
2026-09-03 11:12:24 INFO [worker-0] scheduled job finished path=/api/v1/item/75
2026-09-03 11:13:31 INFO [worker-1] worker heartbeat path=/api/v1/item/76
2026-09-03 11:14:38 INFO [worker-2] cache hit path=/api/v1/item/77
2026-09-03 11:15:45 ERROR [worker-3] connection reset by peer (req=65565)
2026-09-03 11:16:52 INFO [worker-4] request served path=/api/v1/item/79
2026-09-03 11:17:59 WARN [worker-5] slow response 1017ms
2026-09-03 11:18:06 INFO [worker-6] worker heartbeat path=/api/v1/item/81
2026-09-03 11:19:13 INFO [worker-7] scheduled job finished path=/api/v1/item/82
2026-09-03 11:20:20 INFO [worker-0] worker heartbeat path=/api/v1/item/83
2026-09-03 11:21:27 INFO [worker-1] scheduled job finished path=/api/v1/item/84
2026-09-03 11:22:34 INFO [worker-2] request served path=/api/v1/item/85
2026-09-03 11:23:41 INFO [worker-3] cache hit path=/api/v1/item/86
2026-09-03 11:24:48 INFO [worker-4] cache hit path=/api/v1/item/87
2026-09-03 11:25:55 INFO [worker-5] worker heartbeat path=/api/v1/item/88
2026-09-03 11:26:02 INFO [worker-6] worker heartbeat path=/api/v1/item/89
2026-09-03 11:27:09 INFO [worker-7] request served path=/api/v1/item/90
2026-09-03 11:28:16 INFO [worker-0] scheduled job finished path=/api/v1/item/91
2026-09-03 11:29:23 INFO [worker-1] cache hit path=/api/v1/item/92
2026-09-03 11:30:30 INFO [worker-2] cache hit path=/api/v1/item/93
2026-09-03 11:31:37 ERROR [worker-3] timeout waiting for upstream (req=66061)
2026-09-03 11:32:44 INFO [worker-4] cache hit path=/api/v1/item/95
2026-09-03 11:33:51 INFO [worker-5] request served path=/api/v1/item/96
2026-09-03 11:34:58 INFO [worker-6] cache hit path=/api/v1/item/0
2026-09-03 11:35:05 INFO [worker-7] request served path=/api/v1/item/1
2026-09-03 11:36:12 INFO [worker-0] worker heartbeat path=/api/v1/item/2
2026-09-03 11:37:19 INFO [worker-1] cache hit path=/api/v1/item/3
2026-09-03 11:38:26 INFO [worker-2] request served path=/api/v1/item/4
2026-09-03 11:39:33 INFO [worker-3] scheduled job finished path=/api/v1/item/5
2026-09-03 11:40:40 INFO [worker-4] cache miss path=/api/v1/item/6
2026-09-03 11:41:47 ERROR [worker-5] timeout waiting for upstream (req=66371)
2026-09-03 11:42:54 INFO [worker-6] request served path=/api/v1/item/8
2026-09-03 11:43:01 INFO [worker-7] request served path=/api/v1/item/9
2026-09-03 11:44:08 WARN [worker-0] slow response 2667ms
2026-09-03 11:45:15 WARN [worker-1] slow response 2597ms
2026-09-03 11:46:22 INFO [worker-2] scheduled job finished path=/api/v1/item/12
2026-09-03 11:47:29 INFO [worker-3] worker heartbeat path=/api/v1/item/13
2026-09-03 11:48:36 INFO [worker-4] request served path=/api/v1/item/14
2026-09-03 11:49:43 ERROR [worker-5] connection reset by peer (req=66619)
2026-09-03 11:50:50 INFO [worker-6] request served path=/api/v1/item/16
2026-09-03 11:51:57 INFO [worker-7] scheduled job finished path=/api/v1/item/17
2026-09-03 11:52:04 INFO [worker-0] scheduled job finished path=/api/v1/item/18
2026-09-03 11:53:11 ERROR [worker-1] connection reset by peer (req=66743)
2026-09-03 11:54:18 INFO [worker-2] cache miss path=/api/v1/item/20
2026-09-03 11:55:25 INFO [worker-3] request served path=/api/v1/item/21
2026-09-03 11:56:32 INFO [worker-4] cache hit path=/api/v1/item/22
2026-09-03 11:57:39 ERROR [worker-5] invalid session token (req=66867)
2026-09-03 11:58:46 INFO [worker-6] worker heartbeat path=/api/v1/item/24
2026-09-03 11:59:53 INFO [worker-7] cache hit path=/api/v1/item/25
2026-09-03 12:00:00 INFO [worker-0] request served path=/api/v1/item/26
2026-09-03 12:01:07 INFO [worker-1] request served path=/api/v1/item/27
2026-09-03 12:02:14 INFO [worker-2] cache miss path=/api/v1/item/28
2026-09-03 12:03:21 INFO [worker-3] request served path=/api/v1/item/29
2026-09-03 12:04:28 INFO [worker-4] request served path=/api/v1/item/30
2026-09-03 12:05:35 WARN [worker-5] slow response 1622ms
2026-09-03 12:06:42 INFO [worker-6] cache miss path=/api/v1/item/32
2026-09-03 12:07:49 WARN [worker-7] slow response 2983ms
2026-09-03 12:08:56 INFO [worker-0] cache miss path=/api/v1/item/34
2026-09-03 12:09:03 INFO [worker-1] request served path=/api/v1/item/35
2026-09-03 12:10:10 ERROR [worker-2] connection reset by peer (req=67270)
2026-09-03 12:11:17 INFO [worker-3] scheduled job finished path=/api/v1/item/37
2026-09-03 12:12:24 INFO [worker-4] worker heartbeat path=/api/v1/item/38
2026-09-03 12:13:31 INFO [worker-5] worker heartbeat path=/api/v1/item/39
2026-09-03 12:14:38 INFO [worker-6] scheduled job finished path=/api/v1/item/40
2026-09-03 12:15:45 INFO [worker-7] request served path=/api/v1/item/41
2026-09-03 12:16:52 INFO [worker-0] request served path=/api/v1/item/42
2026-09-03 12:17:59 INFO [worker-1] request served path=/api/v1/item/43
2026-09-03 12:18:06 INFO [worker-2] cache hit path=/api/v1/item/44
2026-09-03 12:19:13 INFO [worker-3] worker heartbeat path=/api/v1/item/45
2026-09-03 12:20:20 INFO [worker-4] request served path=/api/v1/item/46
2026-09-03 12:21:27 WARN [worker-5] slow response 1701ms
2026-09-03 12:22:34 INFO [worker-6] cache hit path=/api/v1/item/48
2026-09-03 12:23:41 INFO [worker-7] cache miss path=/api/v1/item/49
2026-09-03 12:24:48 INFO [worker-0] request served path=/api/v1/item/50
2026-09-03 12:25:55 INFO [worker-1] request served path=/api/v1/item/51
2026-09-03 12:26:02 WARN [worker-2] slow response 1167ms
2026-09-03 12:27:09 INFO [worker-3] worker heartbeat path=/api/v1/item/53
2026-09-03 12:28:16 INFO [worker-4] cache miss path=/api/v1/item/54
2026-09-03 12:29:23 INFO [worker-5] cache hit path=/api/v1/item/55
2026-09-03 12:30:30 ERROR [worker-6] timeout waiting for upstream (req=67890)
2026-09-03 12:31:37 INFO [worker-7] scheduled job finished path=/api/v1/item/57
2026-09-03 12:32:44 INFO [worker-0] cache miss path=/api/v1/item/58
2026-09-03 12:33:51 ERROR [worker-1] invalid session token (req=67983)
2026-09-03 12:34:58 INFO [worker-2] cache miss path=/api/v1/item/60
2026-09-03 12:35:05 INFO [worker-3] scheduled job finished path=/api/v1/item/61
2026-09-03 12:36:12 WARN [worker-4] slow response 644ms
2026-09-03 12:37:19 INFO [worker-5] cache miss path=/api/v1/item/63
2026-09-03 12:38:26 INFO [worker-6] cache miss path=/api/v1/item/64
2026-09-03 12:39:33 INFO [worker-7] scheduled job finished path=/api/v1/item/65
2026-09-03 12:40:40 WARN [worker-0] slow response 2376ms
2026-09-03 12:41:47 WARN [worker-1] slow response 2674ms
2026-09-03 12:42:54 ERROR [worker-2] timeout waiting for upstream (req=68262)
2026-09-03 12:43:01 INFO [worker-3] worker heartbeat path=/api/v1/item/69
2026-09-03 12:44:08 INFO [worker-4] scheduled job finished path=/api/v1/item/70
2026-09-03 12:45:15 INFO [worker-5] request served path=/api/v1/item/71
2026-09-03 12:46:22 INFO [worker-6] cache hit path=/api/v1/item/72
2026-09-03 12:47:29 INFO [worker-7] request served path=/api/v1/item/73
2026-09-03 12:48:36 INFO [worker-0] worker heartbeat path=/api/v1/item/74
2026-09-03 12:49:43 INFO [worker-1] cache hit path=/api/v1/item/75
2026-09-03 12:50:50 INFO [worker-2] scheduled job finished path=/api/v1/item/76
2026-09-03 12:51:57 INFO [worker-3] cache miss path=/api/v1/item/77
2026-09-03 12:52:04 INFO [worker-4] cache hit path=/api/v1/item/78
2026-09-03 12:53:11 INFO [worker-5] request served path=/api/v1/item/79
2026-09-03 12:54:18 WARN [worker-6] slow response 1356ms
2026-09-03 12:55:25 INFO [worker-7] scheduled job finished path=/api/v1/item/81
2026-09-03 12:56:32 INFO [worker-0] scheduled job finished path=/api/v1/item/82
2026-09-03 12:57:39 WARN [worker-1] slow response 784ms
2026-09-03 12:58:46 INFO [worker-2] worker heartbeat path=/api/v1/item/84
2026-09-03 12:59:53 INFO [worker-3] request served path=/api/v1/item/85
2026-09-03 13:00:00 INFO [worker-4] scheduled job finished path=/api/v1/item/86
2026-09-03 13:01:07 ERROR [worker-5] connection reset by peer (req=68851)
2026-09-03 13:02:14 WARN [worker-6] slow response 962ms
2026-09-03 13:03:21 INFO [worker-7] scheduled job finished path=/api/v1/item/89
2026-09-03 13:04:28 INFO [worker-0] cache miss path=/api/v1/item/90
2026-09-03 13:05:35 INFO [worker-1] worker heartbeat path=/api/v1/item/91
2026-09-03 13:06:42 WARN [worker-2] slow response 909ms
2026-09-03 13:07:49 INFO [worker-3] worker heartbeat path=/api/v1/item/93
2026-09-03 13:08:56 INFO [worker-4] cache hit path=/api/v1/item/94
2026-09-03 13:09:03 INFO [worker-5] request served path=/api/v1/item/95
2026-09-03 13:10:10 INFO [worker-6] worker heartbeat path=/api/v1/item/96
2026-09-03 13:11:17 INFO [worker-7] cache hit path=/api/v1/item/0
2026-09-03 13:12:24 ERROR [worker-0] invalid session token (req=69192)
2026-09-03 13:13:31 INFO [worker-1] cache hit path=/api/v1/item/2
2026-09-03 13:14:38 INFO [worker-2] cache miss path=/api/v1/item/3
2026-09-03 13:15:45 INFO [worker-3] request served path=/api/v1/item/4
2026-09-03 13:16:52 INFO [worker-4] request served path=/api/v1/item/5
2026-09-03 13:17:59 INFO [worker-5] cache hit path=/api/v1/item/6
2026-09-03 13:18:06 INFO [worker-6] scheduled job finished path=/api/v1/item/7
2026-09-03 13:19:13 INFO [worker-7] cache miss path=/api/v1/item/8
2026-09-03 13:20:20 WARN [worker-0] slow response 1088ms
2026-09-03 13:21:27 INFO [worker-1] request served path=/api/v1/item/10
2026-09-03 13:22:34 INFO [worker-2] request served path=/api/v1/item/11
2026-09-03 13:23:41 INFO [worker-3] cache hit path=/api/v1/item/12
2026-09-03 13:24:48 ERROR [worker-4] connection reset by peer (req=69564)
2026-09-03 13:25:55 INFO [worker-5] cache hit path=/api/v1/item/14
2026-09-03 13:26:02 INFO [worker-6] cache miss path=/api/v1/item/15
2026-09-03 13:27:09 INFO [worker-7] cache hit path=/api/v1/item/16
2026-09-03 13:28:16 WARN [worker-0] slow response 1530ms
2026-09-03 13:29:23 INFO [worker-1] cache hit path=/api/v1/item/18
2026-09-03 13:30:30 INFO [worker-2] request served path=/api/v1/item/19
2026-09-03 13:31:37 INFO [worker-3] cache hit path=/api/v1/item/20
2026-09-03 13:32:44 INFO [worker-4] worker heartbeat path=/api/v1/item/21
2026-09-03 13:33:51 INFO [worker-5] request served path=/api/v1/item/22
2026-09-03 13:34:58 INFO [worker-6] cache hit path=/api/v1/item/23
2026-09-03 13:35:05 INFO [worker-7] worker heartbeat path=/api/v1/item/24
2026-09-03 13:36:12 INFO [worker-0] cache hit path=/api/v1/item/25
2026-09-03 13:37:19 INFO [worker-1] worker heartbeat path=/api/v1/item/26
2026-09-03 13:38:26 INFO [worker-2] request served path=/api/v1/item/27
2026-09-03 13:39:33 ERROR [worker-3] timeout waiting for upstream (req=70029)
2026-09-03 13:40:40 INFO [worker-4] cache hit path=/api/v1/item/29
2026-09-03 13:41:47 INFO [worker-5] worker heartbeat path=/api/v1/item/30
2026-09-03 13:42:54 INFO [worker-6] request served path=/api/v1/item/31
2026-09-03 13:43:01 WARN [worker-7] slow response 2774ms
2026-09-03 13:44:08 INFO [worker-0] request served path=/api/v1/item/33
2026-09-03 13:45:15 INFO [worker-1] worker heartbeat path=/api/v1/item/34
2026-09-03 13:46:22 INFO [worker-2] cache hit path=/api/v1/item/35
2026-09-03 13:47:29 INFO [worker-3] worker heartbeat path=/api/v1/item/36
2026-09-03 13:48:36 INFO [worker-4] request served path=/api/v1/item/37
2026-09-03 13:49:43 WARN [worker-5] slow response 1589ms
2026-09-03 13:50:50 INFO [worker-6] worker heartbeat path=/api/v1/item/39
2026-09-03 13:51:57 INFO [worker-7] cache miss path=/api/v1/item/40
2026-09-03 13:52:04 INFO [worker-0] request served path=/api/v1/item/41
2026-09-03 13:53:11 INFO [worker-1] worker heartbeat path=/api/v1/item/42
2026-09-03 13:54:18 INFO [worker-2] scheduled job finished path=/api/v1/item/43
2026-09-03 13:55:25 INFO [worker-3] worker heartbeat path=/api/v1/item/44
2026-09-03 13:56:32 WARN [worker-4] slow response 2268ms
2026-09-03 13:57:39 INFO [worker-5] cache hit path=/api/v1/item/46
2026-09-03 13:58:46 INFO [worker-6] scheduled job finished path=/api/v1/item/47
2026-09-03 13:59:53 INFO [worker-7] cache hit path=/api/v1/item/48
2026-09-03 14:00:00 WARN [worker-0] slow response 2455ms
2026-09-03 14:01:07 INFO [worker-1] worker heartbeat path=/api/v1/item/50
2026-09-03 14:02:14 INFO [worker-2] cache hit path=/api/v1/item/51
2026-09-03 14:03:21 ERROR [worker-3] connection reset by peer (req=70773)
2026-09-03 14:04:28 INFO [worker-4] cache hit path=/api/v1/item/53
2026-09-03 14:05:35 INFO [worker-5] cache miss path=/api/v1/item/54
2026-09-03 14:06:42 ERROR [worker-6] timeout waiting for upstream (req=70866)
2026-09-03 14:07:49 INFO [worker-7] cache miss path=/api/v1/item/56
2026-09-03 14:08:56 WARN [worker-0] slow response 544ms
2026-09-03 14:09:03 INFO [worker-1] scheduled job finished path=/api/v1/item/58
2026-09-03 14:10:10 INFO [worker-2] worker heartbeat path=/api/v1/item/59
2026-09-03 14:11:17 INFO [worker-3] request served path=/api/v1/item/60
2026-09-03 14:12:24 INFO [worker-4] cache hit path=/api/v1/item/61
2026-09-03 14:13:31 INFO [worker-5] scheduled job finished path=/api/v1/item/62
2026-09-03 14:14:38 WARN [worker-6] slow response 1992ms
2026-09-03 14:15:45 WARN [worker-7] slow response 1818ms
2026-09-03 14:16:52 INFO [worker-0] cache miss path=/api/v1/item/65
2026-09-03 14:17:59 INFO [worker-1] cache hit path=/api/v1/item/66
2026-09-03 14:18:06 INFO [worker-2] request served path=/api/v1/item/67
2026-09-03 14:19:13 INFO [worker-3] request served path=/api/v1/item/68
2026-09-03 14:20:20 INFO [worker-4] request served path=/api/v1/item/69
2026-09-03 14:21:27 INFO [worker-5] cache hit path=/api/v1/item/70
2026-09-03 14:22:34 INFO [worker-6] cache miss path=/api/v1/item/71
2026-09-03 14:23:41 INFO [worker-7] scheduled job finished path=/api/v1/item/72
2026-09-03 14:24:48 WARN [worker-0] slow response 771ms
2026-09-03 14:25:55 INFO [worker-1] cache hit path=/api/v1/item/74
2026-09-03 14:26:02 ERROR [worker-2] disk quota exceeded (req=71486)
2026-09-03 14:27:09 INFO [worker-3] worker heartbeat path=/api/v1/item/76
2026-09-03 14:28:16 INFO [worker-4] worker heartbeat path=/api/v1/item/77
2026-09-03 14:29:23 INFO [worker-5] cache hit path=/api/v1/item/78
2026-09-03 14:30:30 INFO [worker-6] cache hit path=/api/v1/item/79
2026-09-03 14:31:37 WARN [worker-7] slow response 2426ms
2026-09-03 14:32:44 INFO [worker-0] worker heartbeat path=/api/v1/item/81
2026-09-03 14:33:51 INFO [worker-1] cache miss path=/api/v1/item/82
2026-09-03 14:34:58 ERROR [worker-2] connection reset by peer (req=71734)
2026-09-03 14:35:05 INFO [worker-3] request served path=/api/v1/item/84
2026-09-03 14:36:12 INFO [worker-4] cache hit path=/api/v1/item/85
2026-09-03 14:37:19 INFO [worker-5] request served path=/api/v1/item/86
2026-09-03 14:38:26 WARN [worker-6] slow response 1556ms
2026-09-03 14:39:33 INFO [worker-7] worker heartbeat path=/api/v1/item/88
2026-09-03 14:40:40 INFO [worker-0] worker heartbeat path=/api/v1/item/89
2026-09-03 14:41:47 WARN [worker-1] slow response 1484ms
2026-09-03 14:42:54 INFO [worker-2] cache miss path=/api/v1/item/91
2026-09-03 14:43:01 INFO [worker-3] cache hit path=/api/v1/item/92
2026-09-03 14:44:08 INFO [worker-4] scheduled job finished path=/api/v1/item/93
2026-09-03 14:45:15 WARN [worker-5] slow response 1815ms
2026-09-03 14:46:22 INFO [worker-6] request served path=/api/v1/item/95
2026-09-03 14:47:29 WARN [worker-7] slow response 2231ms
2026-09-03 14:48:36 WARN [worker-0] slow response 2898ms
2026-09-03 14:49:43 INFO [worker-1] worker heartbeat path=/api/v1/item/1
2026-09-03 14:50:50 INFO [worker-2] scheduled job finished path=/api/v1/item/2
2026-09-03 14:51:57 INFO [worker-3] cache hit path=/api/v1/item/3
2026-09-03 14:52:04 INFO [worker-4] cache miss path=/api/v1/item/4
2026-09-03 14:53:11 INFO [worker-5] worker heartbeat path=/api/v1/item/5
2026-09-03 14:54:18 WARN [worker-6] slow response 2284ms
2026-09-03 14:55:25 INFO [worker-7] request served path=/api/v1/item/7
2026-09-03 14:56:32 INFO [worker-0] cache miss path=/api/v1/item/8
2026-09-03 14:57:39 ERROR [worker-1] invalid session token (req=72447)
2026-09-03 14:58:46 WARN [worker-2] slow response 1066ms
2026-09-03 14:59:53 INFO [worker-3] scheduled job finished path=/api/v1/item/11
2026-09-03 15:00:00 INFO [worker-4] cache miss path=/api/v1/item/12
2026-09-03 15:01:07 INFO [worker-5] scheduled job finished path=/api/v1/item/13
2026-09-03 15:02:14 INFO [worker-6] worker heartbeat path=/api/v1/item/14
2026-09-03 15:03:21 INFO [worker-7] scheduled job finished path=/api/v1/item/15
2026-09-03 15:04:28 INFO [worker-0] cache miss path=/api/v1/item/16
2026-09-03 15:05:35 INFO [worker-1] scheduled job finished path=/api/v1/item/17
2026-09-03 15:06:42 WARN [worker-2] slow response 811ms
2026-09-03 15:07:49 INFO [worker-3] cache miss path=/api/v1/item/19
2026-09-03 15:08:56 INFO [worker-4] cache hit path=/api/v1/item/20
2026-09-03 15:09:03 INFO [worker-5] cache miss path=/api/v1/item/21
2026-09-03 15:10:10 INFO [worker-6] worker heartbeat path=/api/v1/item/22
2026-09-03 15:11:17 INFO [worker-7] scheduled job finished path=/api/v1/item/23
2026-09-03 15:12:24 INFO [worker-0] request served path=/api/v1/item/24
2026-09-03 15:13:31 INFO [worker-1] request served path=/api/v1/item/25
2026-09-03 15:14:38 INFO [worker-2] worker heartbeat path=/api/v1/item/26
2026-09-03 15:15:45 INFO [worker-3] cache miss path=/api/v1/item/27
2026-09-03 15:16:52 INFO [worker-4] request served path=/api/v1/item/28
2026-09-03 15:17:59 INFO [worker-5] cache miss path=/api/v1/item/29
2026-09-03 15:18:06 INFO [worker-6] cache hit path=/api/v1/item/30
2026-09-03 15:19:13 INFO [worker-7] cache miss path=/api/v1/item/31
2026-09-03 15:20:20 INFO [worker-0] cache hit path=/api/v1/item/32
2026-09-03 15:21:27 INFO [worker-1] request served path=/api/v1/item/33
2026-09-03 15:22:34 INFO [worker-2] cache hit path=/api/v1/item/34
2026-09-03 15:23:41 INFO [worker-3] worker heartbeat path=/api/v1/item/35
2026-09-03 15:24:48 INFO [worker-4] cache hit path=/api/v1/item/36
2026-09-03 15:25:55 INFO [worker-5] cache miss path=/api/v1/item/37
2026-09-03 15:26:02 INFO [worker-6] worker heartbeat path=/api/v1/item/38
2026-09-03 15:27:09 INFO [worker-7] cache hit path=/api/v1/item/39
2026-09-03 15:28:16 INFO [worker-0] cache hit path=/api/v1/item/40
2026-09-03 15:29:23 INFO [worker-1] request served path=/api/v1/item/41
2026-09-03 15:30:30 ERROR [worker-2] connection reset by peer (req=73470)
2026-09-03 15:31:37 INFO [worker-3] worker heartbeat path=/api/v1/item/43
2026-09-03 15:32:44 INFO [worker-4] worker heartbeat path=/api/v1/item/44
2026-09-03 15:33:51 INFO [worker-5] cache miss path=/api/v1/item/45
2026-09-03 15:34:58 INFO [worker-6] cache miss path=/api/v1/item/46
2026-09-03 15:35:05 INFO [worker-7] worker heartbeat path=/api/v1/item/47
2026-09-03 15:36:12 INFO [worker-0] worker heartbeat path=/api/v1/item/48
2026-09-03 15:37:19 INFO [worker-1] cache hit path=/api/v1/item/49
2026-09-03 15:38:26 INFO [worker-2] request served path=/api/v1/item/50
2026-09-03 15:39:33 INFO [worker-3] cache miss path=/api/v1/item/51
2026-09-03 15:40:40 INFO [worker-4] cache hit path=/api/v1/item/52
2026-09-03 15:41:47 INFO [worker-5] scheduled job finished path=/api/v1/item/53
2026-09-03 15:42:54 INFO [worker-6] cache hit path=/api/v1/item/54
2026-09-03 15:43:01 INFO [worker-7] cache miss path=/api/v1/item/55
2026-09-03 15:44:08 INFO [worker-0] cache hit path=/api/v1/item/56
2026-09-03 15:45:15 INFO [worker-1] scheduled job finished path=/api/v1/item/57
2026-09-03 15:46:22 INFO [worker-2] scheduled job finished path=/api/v1/item/58
2026-09-03 15:47:29 ERROR [worker-3] invalid session token (req=73997)
2026-09-03 15:48:36 INFO [worker-4] worker heartbeat path=/api/v1/item/60
2026-09-03 15:49:43 INFO [worker-5] cache miss path=/api/v1/item/61
2026-09-03 15:50:50 ERROR [worker-6] invalid session token (req=74090)
2026-09-03 15:51:57 INFO [worker-7] request served path=/api/v1/item/63
2026-09-03 15:52:04 INFO [worker-0] request served path=/api/v1/item/64
2026-09-03 15:53:11 WARN [worker-1] slow response 1214ms
2026-09-03 15:54:18 INFO [worker-2] cache hit path=/api/v1/item/66
2026-09-03 15:55:25 ERROR [worker-3] connection reset by peer (req=74245)
2026-09-03 15:56:32 INFO [worker-4] cache hit path=/api/v1/item/68
2026-09-03 15:57:39 WARN [worker-5] slow response 1873ms
2026-09-03 15:58:46 ERROR [worker-6] connection reset by peer (req=74338)
2026-09-03 15:59:53 INFO [worker-7] worker heartbeat path=/api/v1/item/71
2026-09-03 16:00:00 INFO [worker-0] cache miss path=/api/v1/item/72
2026-09-03 16:01:07 ERROR [worker-1] connection reset by peer (req=74431)
2026-09-03 16:02:14 WARN [worker-2] slow response 874ms
2026-09-03 16:03:21 ERROR [worker-3] connection reset by peer (req=74493)
2026-09-03 16:04:28 INFO [worker-4] cache hit path=/api/v1/item/76
2026-09-03 16:05:35 INFO [worker-5] cache miss path=/api/v1/item/77
2026-09-03 16:06:42 INFO [worker-6] worker heartbeat path=/api/v1/item/78
2026-09-03 16:07:49 WARN [worker-7] slow response 2978ms
2026-09-03 16:08:56 INFO [worker-0] scheduled job finished path=/api/v1/item/80
2026-09-03 16:09:03 INFO [worker-1] cache hit path=/api/v1/item/81
2026-09-03 16:10:10 INFO [worker-2] worker heartbeat path=/api/v1/item/82
2026-09-03 16:11:17 INFO [worker-3] request served path=/api/v1/item/83
2026-09-03 16:12:24 INFO [worker-4] request served path=/api/v1/item/84
2026-09-03 16:13:31 INFO [worker-5] request served path=/api/v1/item/85
2026-09-03 16:14:38 ERROR [worker-6] connection reset by peer (req=74834)
2026-09-03 16:15:45 INFO [worker-7] worker heartbeat path=/api/v1/item/87
2026-09-03 16:16:52 INFO [worker-0] cache hit path=/api/v1/item/88
2026-09-03 16:17:59 INFO [worker-1] worker heartbeat path=/api/v1/item/89
2026-09-03 16:18:06 INFO [worker-2] cache hit path=/api/v1/item/90
2026-09-03 16:19:13 ERROR [worker-3] disk quota exceeded (req=74989)
2026-09-03 16:20:20 INFO [worker-4] worker heartbeat path=/api/v1/item/92
2026-09-03 16:21:27 INFO [worker-5] cache miss path=/api/v1/item/93
2026-09-03 16:22:34 INFO [worker-6] scheduled job finished path=/api/v1/item/94
2026-09-03 16:23:41 INFO [worker-7] request served path=/api/v1/item/95
2026-09-03 16:24:48 ERROR [worker-0] timeout waiting for upstream (req=75144)
2026-09-03 16:25:55 INFO [worker-1] cache miss path=/api/v1/item/0
2026-09-03 16:26:02 INFO [worker-2] worker heartbeat path=/api/v1/item/1
2026-09-03 16:27:09 INFO [worker-3] cache hit path=/api/v1/item/2
2026-09-03 16:28:16 INFO [worker-4] cache miss path=/api/v1/item/3
2026-09-03 16:29:23 INFO [worker-5] cache miss path=/api/v1/item/4
2026-09-03 16:30:30 WARN [worker-6] slow response 754ms
2026-09-03 16:31:37 INFO [worker-7] cache miss path=/api/v1/item/6
2026-09-03 16:32:44 INFO [worker-0] cache miss path=/api/v1/item/7
2026-09-03 16:33:51 INFO [worker-1] scheduled job finished path=/api/v1/item/8
2026-09-03 16:34:58 INFO [worker-2] request served path=/api/v1/item/9
2026-09-03 16:35:05 INFO [worker-3] cache miss path=/api/v1/item/10
2026-09-03 16:36:12 WARN [worker-4] slow response 701ms
2026-09-03 16:37:19 INFO [worker-5] cache hit path=/api/v1/item/12
2026-09-03 16:38:26 WARN [worker-6] slow response 1504ms
2026-09-03 16:39:33 INFO [worker-7] cache hit path=/api/v1/item/14
2026-09-03 16:40:40 INFO [worker-0] scheduled job finished path=/api/v1/item/15
2026-09-03 16:41:47 INFO [worker-1] cache miss path=/api/v1/item/16
2026-09-03 16:42:54 INFO [worker-2] worker heartbeat path=/api/v1/item/17
2026-09-03 16:43:01 INFO [worker-3] request served path=/api/v1/item/18
2026-09-03 16:44:08 WARN [worker-4] slow response 786ms
2026-09-03 16:45:15 INFO [worker-5] worker heartbeat path=/api/v1/item/20
2026-09-03 16:46:22 INFO [worker-6] cache miss path=/api/v1/item/21
2026-09-03 16:47:29 INFO [worker-7] scheduled job finished path=/api/v1/item/22
2026-09-03 16:48:36 INFO [worker-0] cache miss path=/api/v1/item/23
2026-09-03 16:49:43 INFO [worker-1] worker heartbeat path=/api/v1/item/24
2026-09-03 16:50:50 INFO [worker-2] cache miss path=/api/v1/item/25
2026-09-03 16:51:57 INFO [worker-3] cache miss path=/api/v1/item/26
2026-09-03 16:52:04 INFO [worker-4] request served path=/api/v1/item/27
2026-09-03 16:53:11 INFO [worker-5] request served path=/api/v1/item/28
2026-09-03 16:54:18 INFO [worker-6] cache miss path=/api/v1/item/29
2026-09-03 16:55:25 WARN [worker-7] slow response 2783ms
2026-09-03 16:56:32 WARN [worker-0] slow response 2408ms
2026-09-03 16:57:39 INFO [worker-1] request served path=/api/v1/item/32
2026-09-03 16:58:46 INFO [worker-2] request served path=/api/v1/item/33
2026-09-03 16:59:53 INFO [worker-3] cache miss path=/api/v1/item/34
2026-09-03 17:00:00 INFO [worker-4] request served path=/api/v1/item/35
2026-09-03 17:01:07 WARN [worker-5] slow response 885ms
2026-09-03 17:02:14 INFO [worker-6] request served path=/api/v1/item/37
2026-09-03 17:03:21 ERROR [worker-7] disk quota exceeded (req=76353)
2026-09-03 17:04:28 INFO [worker-0] scheduled job finished path=/api/v1/item/39
2026-09-03 17:05:35 WARN [worker-1] slow response 789ms
2026-09-03 17:06:42 INFO [worker-2] scheduled job finished path=/api/v1/item/41
2026-09-03 17:07:49 INFO [worker-3] worker heartbeat path=/api/v1/item/42
2026-09-03 17:08:56 WARN [worker-4] slow response 1211ms
2026-09-03 17:09:03 INFO [worker-5] worker heartbeat path=/api/v1/item/44
2026-09-03 17:10:10 INFO [worker-6] cache miss path=/api/v1/item/45
2026-09-03 17:11:17 WARN [worker-7] slow response 1494ms
2026-09-03 17:12:24 INFO [worker-0] scheduled job finished path=/api/v1/item/47
2026-09-03 17:13:31 WARN [worker-1] slow response 1563ms
2026-09-03 17:14:38 INFO [worker-2] worker heartbeat path=/api/v1/item/49
2026-09-03 17:15:45 INFO [worker-3] cache hit path=/api/v1/item/50
2026-09-03 17:16:52 INFO [worker-4] cache miss path=/api/v1/item/51
2026-09-03 17:17:59 INFO [worker-5] worker heartbeat path=/api/v1/item/52
2026-09-03 17:18:06 INFO [worker-6] cache hit path=/api/v1/item/53
2026-09-03 17:19:13 INFO [worker-7] worker heartbeat path=/api/v1/item/54
2026-09-03 17:20:20 WARN [worker-0] slow response 2601ms
2026-09-03 17:21:27 INFO [worker-1] cache hit path=/api/v1/item/56
2026-09-03 17:22:34 ERROR [worker-2] timeout waiting for upstream (req=76942)
2026-09-03 17:23:41 INFO [worker-3] cache hit path=/api/v1/item/58
2026-09-03 17:24:48 INFO [worker-4] scheduled job finished path=/api/v1/item/59
2026-09-03 17:25:55 INFO [worker-5] cache hit path=/api/v1/item/60
2026-09-03 17:26:02 INFO [worker-6] cache miss path=/api/v1/item/61
2026-09-03 17:27:09 INFO [worker-7] worker heartbeat path=/api/v1/item/62
2026-09-03 17:28:16 ERROR [worker-0] connection reset by peer (req=77128)
2026-09-03 17:29:23 INFO [worker-1] cache miss path=/api/v1/item/64
2026-09-03 17:30:30 ERROR [worker-2] invalid session token (req=77190)
2026-09-03 17:31:37 INFO [worker-3] request served path=/api/v1/item/66
2026-09-03 17:32:44 INFO [worker-4] cache miss path=/api/v1/item/67
2026-09-03 17:33:51 INFO [worker-5] cache miss path=/api/v1/item/68
2026-09-03 17:34:58 INFO [worker-6] cache miss path=/api/v1/item/69
2026-09-03 17:35:05 INFO [worker-7] cache miss path=/api/v1/item/70
2026-09-03 17:36:12 INFO [worker-0] cache miss path=/api/v1/item/71
2026-09-03 17:37:19 INFO [worker-1] cache miss path=/api/v1/item/72
2026-09-03 17:38:26 WARN [worker-2] slow response 1430ms
2026-09-03 17:39:33 ERROR [worker-3] timeout waiting for upstream (req=77469)
2026-09-03 17:40:40 INFO [worker-4] scheduled job finished path=/api/v1/item/75
2026-09-03 17:41:47 INFO [worker-5] cache hit path=/api/v1/item/76
2026-09-03 17:42:54 INFO [worker-6] request served path=/api/v1/item/77
2026-09-03 17:43:01 INFO [worker-7] cache hit path=/api/v1/item/78
2026-09-03 17:44:08 INFO [worker-0] cache miss path=/api/v1/item/79
2026-09-03 17:45:15 INFO [worker-1] cache miss path=/api/v1/item/80
2026-09-03 17:46:22 INFO [worker-2] cache miss path=/api/v1/item/81
2026-09-03 17:47:29 WARN [worker-3] slow response 2708ms
2026-09-03 17:48:36 INFO [worker-4] request served path=/api/v1/item/83
2026-09-03 17:49:43 INFO [worker-5] cache hit path=/api/v1/item/84
2026-09-03 17:50:50 INFO [worker-6] cache hit path=/api/v1/item/85
2026-09-03 17:51:57 INFO [worker-7] scheduled job finished path=/api/v1/item/86
2026-09-03 17:52:04 INFO [worker-0] request served path=/api/v1/item/87
2026-09-03 17:53:11 INFO [worker-1] scheduled job finished path=/api/v1/item/88
2026-09-03 17:54:18 INFO [worker-2] cache miss path=/api/v1/item/89
2026-09-03 17:55:25 INFO [worker-3] worker heartbeat path=/api/v1/item/90
2026-09-03 17:56:32 INFO [worker-4] cache hit path=/api/v1/item/91
2026-09-03 17:57:39 INFO [worker-5] cache miss path=/api/v1/item/92
2026-09-03 17:58:46 INFO [worker-6] request served path=/api/v1/item/93
2026-09-03 17:59:53 WARN [worker-7] slow response 606ms
2026-09-03 18:00:00 INFO [worker-0] request served path=/api/v1/item/95
2026-09-03 18:01:07 INFO [worker-1] request served path=/api/v1/item/96
2026-09-03 18:02:14 INFO [worker-2] worker heartbeat path=/api/v1/item/0
2026-09-03 18:03:21 INFO [worker-3] cache hit path=/api/v1/item/1
2026-09-03 18:04:28 INFO [worker-4] worker heartbeat path=/api/v1/item/2
2026-09-03 18:05:35 INFO [worker-5] worker heartbeat path=/api/v1/item/3
2026-09-03 18:06:42 INFO [worker-6] cache miss path=/api/v1/item/4
2026-09-03 18:07:49 INFO [worker-7] scheduled job finished path=/api/v1/item/5
2026-09-03 18:08:56 INFO [worker-0] cache miss path=/api/v1/item/6
2026-09-03 18:09:03 INFO [worker-1] cache miss path=/api/v1/item/7
2026-09-03 18:10:10 INFO [worker-2] cache miss path=/api/v1/item/8
2026-09-03 18:11:17 INFO [worker-3] request served path=/api/v1/item/9
2026-09-03 18:12:24 INFO [worker-4] scheduled job finished path=/api/v1/item/10
2026-09-03 18:13:31 ERROR [worker-5] connection reset by peer (req=78523)
2026-09-03 18:14:38 ERROR [worker-6] disk quota exceeded (req=78554)
2026-09-03 18:15:45 INFO [worker-7] cache hit path=/api/v1/item/13
2026-09-03 18:16:52 INFO [worker-0] cache miss path=/api/v1/item/14
2026-09-03 18:17:59 INFO [worker-1] request served path=/api/v1/item/15
2026-09-03 18:18:06 INFO [worker-2] scheduled job finished path=/api/v1/item/16
2026-09-03 18:19:13 ERROR [worker-3] timeout waiting for upstream (req=78709)
2026-09-03 18:20:20 INFO [worker-4] cache hit path=/api/v1/item/18
2026-09-03 18:21:27 INFO [worker-5] request served path=/api/v1/item/19
2026-09-03 18:22:34 WARN [worker-6] slow response 1691ms
2026-09-03 18:23:41 INFO [worker-7] cache miss path=/api/v1/item/21
2026-09-03 18:24:48 WARN [worker-0] slow response 2973ms
2026-09-03 18:25:55 INFO [worker-1] cache hit path=/api/v1/item/23
2026-09-03 18:26:02 INFO [worker-2] worker heartbeat path=/api/v1/item/24
2026-09-03 18:27:09 WARN [worker-3] slow response 815ms
2026-09-03 18:28:16 INFO [worker-4] cache hit path=/api/v1/item/26
2026-09-03 18:29:23 INFO [worker-5] cache miss path=/api/v1/item/27
2026-09-03 18:30:30 INFO [worker-6] cache hit path=/api/v1/item/28
2026-09-03 18:31:37 INFO [worker-7] scheduled job finished path=/api/v1/item/29
2026-09-03 18:32:44 ERROR [worker-0] invalid session token (req=79112)
2026-09-03 18:33:51 INFO [worker-1] worker heartbeat path=/api/v1/item/31
2026-09-03 18:34:58 INFO [worker-2] scheduled job finished path=/api/v1/item/32
2026-09-03 18:35:05 INFO [worker-3] cache hit path=/api/v1/item/33
2026-09-03 18:36:12 WARN [worker-4] slow response 2758ms
2026-09-03 18:37:19 INFO [worker-5] request served path=/api/v1/item/35
2026-09-03 18:38:26 INFO [worker-6] cache miss path=/api/v1/item/36
2026-09-03 18:39:33 ERROR [worker-7] connection reset by peer (req=79329)
2026-09-03 18:40:40 INFO [worker-0] scheduled job finished path=/api/v1/item/38
2026-09-03 18:41:47 INFO [worker-1] cache hit path=/api/v1/item/39
2026-09-03 18:42:54 INFO [worker-2] cache hit path=/api/v1/item/40
2026-09-03 18:43:01 INFO [worker-3] cache hit path=/api/v1/item/41
2026-09-03 18:44:08 WARN [worker-4] slow response 2295ms
2026-09-03 18:45:15 INFO [worker-5] worker heartbeat path=/api/v1/item/43
2026-09-03 18:46:22 WARN [worker-6] slow response 1561ms
2026-09-03 18:47:29 INFO [worker-7] cache hit path=/api/v1/item/45
2026-09-03 18:48:36 INFO [worker-0] scheduled job finished path=/api/v1/item/46
2026-09-03 18:49:43 INFO [worker-1] request served path=/api/v1/item/47
2026-09-03 18:50:50 WARN [worker-2] slow response 523ms
2026-09-03 18:51:57 INFO [worker-3] cache hit path=/api/v1/item/49
2026-09-03 18:52:04 INFO [worker-4] cache hit path=/api/v1/item/50
2026-09-03 18:53:11 INFO [worker-5] cache hit path=/api/v1/item/51
2026-09-03 18:54:18 INFO [worker-6] cache hit path=/api/v1/item/52
2026-09-03 18:55:25 INFO [worker-7] cache hit path=/api/v1/item/53
2026-09-03 18:56:32 INFO [worker-0] cache hit path=/api/v1/item/54
2026-09-03 18:57:39 INFO [worker-1] request served path=/api/v1/item/55
2026-09-03 18:58:46 INFO [worker-2] scheduled job finished path=/api/v1/item/56
2026-09-03 18:59:53 INFO [worker-3] cache miss path=/api/v1/item/57
2026-09-03 19:00:00 INFO [worker-4] worker heartbeat path=/api/v1/item/58
2026-09-03 19:01:07 INFO [worker-5] request served path=/api/v1/item/59
2026-09-03 19:02:14 INFO [worker-6] request served path=/api/v1/item/60
2026-09-03 19:03:21 INFO [worker-7] request served path=/api/v1/item/61
2026-09-03 19:04:28 INFO [worker-0] scheduled job finished path=/api/v1/item/62
2026-09-03 19:05:35 INFO [worker-1] cache hit path=/api/v1/item/63
2026-09-03 19:06:42 INFO [worker-2] cache hit path=/api/v1/item/64
2026-09-03 19:07:49 INFO [worker-3] scheduled job finished path=/api/v1/item/65
2026-09-03 19:08:56 INFO [worker-4] cache hit path=/api/v1/item/66
2026-09-03 19:09:03 INFO [worker-5] cache hit path=/api/v1/item/67
2026-09-03 19:10:10 WARN [worker-6] slow response 2179ms
2026-09-03 19:11:17 INFO [worker-7] worker heartbeat path=/api/v1/item/69
2026-09-03 19:12:24 INFO [worker-0] cache hit path=/api/v1/item/70
2026-09-03 19:13:31 INFO [worker-1] worker heartbeat path=/api/v1/item/71
2026-09-03 19:14:38 WARN [worker-2] slow response 1291ms
2026-09-03 19:15:45 INFO [worker-3] request served path=/api/v1/item/73
2026-09-03 19:16:52 INFO [worker-4] cache hit path=/api/v1/item/74
2026-09-03 19:17:59 INFO [worker-5] worker heartbeat path=/api/v1/item/75
2026-09-03 19:18:06 INFO [worker-6] scheduled job finished path=/api/v1/item/76
2026-09-03 19:19:13 INFO [worker-7] cache miss path=/api/v1/item/77
2026-09-03 19:20:20 INFO [worker-0] cache hit path=/api/v1/item/78
2026-09-03 19:21:27 INFO [worker-1] scheduled job finished path=/api/v1/item/79
2026-09-03 19:22:34 WARN [worker-2] slow response 1193ms
2026-09-03 19:23:41 INFO [worker-3] cache miss path=/api/v1/item/81
2026-09-03 19:24:48 INFO [worker-4] request served path=/api/v1/item/82
2026-09-03 19:25:55 INFO [worker-5] cache miss path=/api/v1/item/83
2026-09-03 19:26:02 INFO [worker-6] cache miss path=/api/v1/item/84
2026-09-03 19:27:09 INFO [worker-7] worker heartbeat path=/api/v1/item/85
2026-09-03 19:28:16 INFO [worker-0] worker heartbeat path=/api/v1/item/86
2026-09-03 19:29:23 INFO [worker-1] scheduled job finished path=/api/v1/item/87
2026-09-03 19:30:30 INFO [worker-2] request served path=/api/v1/item/88
2026-09-03 19:31:37 INFO [worker-3] worker heartbeat path=/api/v1/item/89
2026-09-03 19:32:44 INFO [worker-4] worker heartbeat path=/api/v1/item/90
2026-09-03 19:33:51 INFO [worker-5] scheduled job finished path=/api/v1/item/91
2026-09-03 19:34:58 INFO [worker-6] scheduled job finished path=/api/v1/item/92
2026-09-03 19:35:05 INFO [worker-7] request served path=/api/v1/item/93
2026-09-03 19:36:12 INFO [worker-0] cache hit path=/api/v1/item/94
2026-09-03 19:37:19 INFO [worker-1] worker heartbeat path=/api/v1/item/95
2026-09-03 19:38:26 INFO [worker-2] scheduled job finished path=/api/v1/item/96
2026-09-03 19:39:33 INFO [worker-3] cache hit path=/api/v1/item/0
2026-09-03 19:40:40 INFO [worker-4] cache hit path=/api/v1/item/1
2026-09-03 19:41:47 INFO [worker-5] worker heartbeat path=/api/v1/item/2
2026-09-03 19:42:54 INFO [worker-6] cache miss path=/api/v1/item/3
2026-09-03 19:43:01 WARN [worker-7] slow response 609ms
2026-09-03 19:44:08 INFO [worker-0] worker heartbeat path=/api/v1/item/5
2026-09-03 19:45:15 INFO [worker-1] cache miss path=/api/v1/item/6
2026-09-03 19:46:22 INFO [worker-2] request served path=/api/v1/item/7
2026-09-03 19:47:29 INFO [worker-3] scheduled job finished path=/api/v1/item/8
2026-09-03 19:48:36 INFO [worker-4] cache miss path=/api/v1/item/9
2026-09-03 19:49:43 INFO [worker-5] worker heartbeat path=/api/v1/item/10
2026-09-03 19:50:50 WARN [worker-6] slow response 1542ms
2026-09-03 19:51:57 INFO [worker-7] scheduled job finished path=/api/v1/item/12
2026-09-03 19:52:04 INFO [worker-0] cache miss path=/api/v1/item/13
2026-09-03 19:53:11 ERROR [worker-1] invalid session token (req=81623)
2026-09-03 19:54:18 ERROR [worker-2] invalid session token (req=81654)
2026-09-03 19:55:25 INFO [worker-3] request served path=/api/v1/item/16
2026-09-03 19:56:32 INFO [worker-4] cache miss path=/api/v1/item/17
2026-09-03 19:57:39 INFO [worker-5] worker heartbeat path=/api/v1/item/18
2026-09-03 19:58:46 WARN [worker-6] slow response 2045ms
2026-09-03 19:59:53 ERROR [worker-7] connection reset by peer (req=81809)
2026-09-03 20:00:00 ERROR [worker-0] invalid session token (req=81840)
2026-09-03 20:01:07 WARN [worker-1] slow response 1433ms
2026-09-03 20:02:14 INFO [worker-2] worker heartbeat path=/api/v1/item/23
2026-09-03 20:03:21 INFO [worker-3] request served path=/api/v1/item/24
2026-09-03 20:04:28 INFO [worker-4] scheduled job finished path=/api/v1/item/25
2026-09-03 20:05:35 INFO [worker-5] request served path=/api/v1/item/26
2026-09-03 20:06:42 INFO [worker-6] cache hit path=/api/v1/item/27
2026-09-03 20:07:49 INFO [worker-7] cache hit path=/api/v1/item/28
2026-09-03 20:08:56 ERROR [worker-0] timeout waiting for upstream (req=82088)
2026-09-03 20:09:03 INFO [worker-1] worker heartbeat path=/api/v1/item/30
2026-09-03 20:10:10 WARN [worker-2] slow response 1235ms
2026-09-03 20:11:17 INFO [worker-3] cache miss path=/api/v1/item/32
2026-09-03 20:12:24 ERROR [worker-4] connection reset by peer (req=82212)
2026-09-03 20:13:31 WARN [worker-5] slow response 589ms
2026-09-03 20:14:38 INFO [worker-6] cache hit path=/api/v1/item/35
2026-09-03 20:15:45 WARN [worker-7] slow response 1163ms
2026-09-03 20:16:52 WARN [worker-0] slow response 1308ms
2026-09-03 20:17:59 INFO [worker-1] cache hit path=/api/v1/item/38
2026-09-03 20:18:06 INFO [worker-2] worker heartbeat path=/api/v1/item/39
2026-09-03 20:19:13 INFO [worker-3] worker heartbeat path=/api/v1/item/40
2026-09-03 20:20:20 INFO [worker-4] cache hit path=/api/v1/item/41
2026-09-03 20:21:27 INFO [worker-5] request served path=/api/v1/item/42
2026-09-03 20:22:34 INFO [worker-6] cache hit path=/api/v1/item/43
2026-09-03 20:23:41 WARN [worker-7] slow response 1123ms
2026-09-03 20:24:48 INFO [worker-0] request served path=/api/v1/item/45
2026-09-03 20:25:55 INFO [worker-1] scheduled job finished path=/api/v1/item/46
2026-09-03 20:26:02 INFO [worker-2] request served path=/api/v1/item/47
2026-09-03 20:27:09 INFO [worker-3] scheduled job finished path=/api/v1/item/48
2026-09-03 20:28:16 INFO [worker-4] scheduled job finished path=/api/v1/item/49
2026-09-03 20:29:23 ERROR [worker-5] connection reset by peer (req=82739)
2026-09-03 20:30:30 ERROR [worker-6] timeout waiting for upstream (req=82770)
2026-09-03 20:31:37 INFO [worker-7] scheduled job finished path=/api/v1/item/52
2026-09-03 20:32:44 INFO [worker-0] request served path=/api/v1/item/53
2026-09-03 20:33:51 INFO [worker-1] scheduled job finished path=/api/v1/item/54
2026-09-03 20:34:58 INFO [worker-2] worker heartbeat path=/api/v1/item/55
2026-09-03 20:35:05 WARN [worker-3] slow response 2070ms
2026-09-03 20:36:12 WARN [worker-4] slow response 518ms
2026-09-03 20:37:19 INFO [worker-5] scheduled job finished path=/api/v1/item/58
2026-09-03 20:38:26 INFO [worker-6] cache miss path=/api/v1/item/59
2026-09-03 20:39:33 INFO [worker-7] cache hit path=/api/v1/item/60
2026-09-03 20:40:40 INFO [worker-0] worker heartbeat path=/api/v1/item/61
2026-09-03 20:41:47 INFO [worker-1] worker heartbeat path=/api/v1/item/62
2026-09-03 20:42:54 INFO [worker-2] scheduled job finished path=/api/v1/item/63
2026-09-03 20:43:01 WARN [worker-3] slow response 2042ms
2026-09-03 20:44:08 WARN [worker-4] slow response 1364ms
2026-09-03 20:45:15 INFO [worker-5] scheduled job finished path=/api/v1/item/66
2026-09-03 20:46:22 INFO [worker-6] scheduled job finished path=/api/v1/item/67
2026-09-03 20:47:29 INFO [worker-7] cache miss path=/api/v1/item/68
2026-09-03 20:48:36 INFO [worker-0] scheduled job finished path=/api/v1/item/69
2026-09-03 20:49:43 INFO [worker-1] scheduled job finished path=/api/v1/item/70
2026-09-03 20:50:50 INFO [worker-2] scheduled job finished path=/api/v1/item/71
2026-09-03 20:51:57 INFO [worker-3] worker heartbeat path=/api/v1/item/72
2026-09-03 20:52:04 INFO [worker-4] request served path=/api/v1/item/73
2026-09-03 20:53:11 INFO [worker-5] request served path=/api/v1/item/74
2026-09-03 20:54:18 WARN [worker-6] slow response 838ms
2026-09-03 20:55:25 INFO [worker-7] cache miss path=/api/v1/item/76
2026-09-03 20:56:32 INFO [worker-0] worker heartbeat path=/api/v1/item/77
2026-09-03 20:57:39 INFO [worker-1] request served path=/api/v1/item/78
2026-09-03 20:58:46 WARN [worker-2] slow response 1047ms
2026-09-03 20:59:53 WARN [worker-3] slow response 1633ms
2026-09-03 21:00:00 INFO [worker-4] scheduled job finished path=/api/v1/item/81
2026-09-03 21:01:07 INFO [worker-5] worker heartbeat path=/api/v1/item/82
2026-09-03 21:02:14 INFO [worker-6] cache miss path=/api/v1/item/83
2026-09-03 21:03:21 WARN [worker-7] slow response 2338ms
2026-09-03 21:04:28 INFO [worker-0] request served path=/api/v1/item/85
2026-09-03 21:05:35 ERROR [worker-1] invalid session token (req=83855)
2026-09-03 21:06:42 INFO [worker-2] request served path=/api/v1/item/87
2026-09-03 21:07:49 INFO [worker-3] cache miss path=/api/v1/item/88
2026-09-03 21:08:56 INFO [worker-4] cache hit path=/api/v1/item/89
2026-09-03 21:09:03 INFO [worker-5] scheduled job finished path=/api/v1/item/90
2026-09-03 21:10:10 INFO [worker-6] worker heartbeat path=/api/v1/item/91
2026-09-03 21:11:17 INFO [worker-7] cache miss path=/api/v1/item/92
2026-09-03 21:12:24 INFO [worker-0] cache miss path=/api/v1/item/93
2026-09-03 21:13:31 INFO [worker-1] worker heartbeat path=/api/v1/item/94
2026-09-03 21:14:38 INFO [worker-2] request served path=/api/v1/item/95
2026-09-03 21:15:45 INFO [worker-3] cache hit path=/api/v1/item/96
2026-09-03 21:16:52 INFO [worker-4] cache miss path=/api/v1/item/0
2026-09-03 21:17:59 ERROR [worker-5] disk quota exceeded (req=84227)
2026-09-03 21:18:06 INFO [worker-6] cache hit path=/api/v1/item/2
2026-09-03 21:19:13 INFO [worker-7] worker heartbeat path=/api/v1/item/3
2026-09-03 21:20:20 INFO [worker-0] cache miss path=/api/v1/item/4
2026-09-03 21:21:27 INFO [worker-1] request served path=/api/v1/item/5
2026-09-03 21:22:34 INFO [worker-2] request served path=/api/v1/item/6
2026-09-03 21:23:41 WARN [worker-3] slow response 640ms
2026-09-03 21:24:48 INFO [worker-4] scheduled job finished path=/api/v1/item/8
2026-09-03 21:25:55 INFO [worker-5] request served path=/api/v1/item/9
2026-09-03 21:26:02 INFO [worker-6] cache miss path=/api/v1/item/10
2026-09-03 21:27:09 INFO [worker-7] scheduled job finished path=/api/v1/item/11
2026-09-03 21:28:16 WARN [worker-0] slow response 1059ms
2026-09-03 21:29:23 INFO [worker-1] request served path=/api/v1/item/13
2026-09-03 21:30:30 INFO [worker-2] scheduled job finished path=/api/v1/item/14
2026-09-03 21:31:37 INFO [worker-3] cache hit path=/api/v1/item/15
2026-09-03 21:32:44 WARN [worker-4] slow response 1413ms
2026-09-03 21:33:51 INFO [worker-5] cache hit path=/api/v1/item/17
2026-09-03 21:34:58 INFO [worker-6] request served path=/api/v1/item/18
2026-09-03 21:35:05 INFO [worker-7] scheduled job finished path=/api/v1/item/19
2026-09-03 21:36:12 INFO [worker-0] request served path=/api/v1/item/20
2026-09-03 21:37:19 INFO [worker-1] scheduled job finished path=/api/v1/item/21
2026-09-03 21:38:26 INFO [worker-2] worker heartbeat path=/api/v1/item/22
2026-09-03 21:39:33 INFO [worker-3] worker heartbeat path=/api/v1/item/23
2026-09-03 21:40:40 INFO [worker-4] cache miss path=/api/v1/item/24
2026-09-03 21:41:47 INFO [worker-5] worker heartbeat path=/api/v1/item/25
2026-09-03 21:42:54 INFO [worker-6] worker heartbeat path=/api/v1/item/26
2026-09-03 21:43:01 INFO [worker-7] scheduled job finished path=/api/v1/item/27
2026-09-03 21:44:08 INFO [worker-0] cache miss path=/api/v1/item/28
2026-09-03 21:45:15 WARN [worker-1] slow response 990ms
2026-09-03 21:46:22 INFO [worker-2] worker heartbeat path=/api/v1/item/30
2026-09-03 21:47:29 INFO [worker-3] cache hit path=/api/v1/item/31
2026-09-03 21:48:36 INFO [worker-4] worker heartbeat path=/api/v1/item/32
2026-09-03 21:49:43 INFO [worker-5] cache miss path=/api/v1/item/33
2026-09-03 21:50:50 INFO [worker-6] request served path=/api/v1/item/34
2026-09-03 21:51:57 INFO [worker-7] scheduled job finished path=/api/v1/item/35
2026-09-03 21:52:04 INFO [worker-0] cache miss path=/api/v1/item/36
2026-09-03 21:53:11 INFO [worker-1] cache miss path=/api/v1/item/37
2026-09-03 21:54:18 INFO [worker-2] request served path=/api/v1/item/38
2026-09-03 21:55:25 INFO [worker-3] cache hit path=/api/v1/item/39
2026-09-03 21:56:32 INFO [worker-4] cache miss path=/api/v1/item/40
2026-09-03 21:57:39 INFO [worker-5] worker heartbeat path=/api/v1/item/41
2026-09-03 21:58:46 INFO [worker-6] cache hit path=/api/v1/item/42
2026-09-03 21:59:53 INFO [worker-7] request served path=/api/v1/item/43
2026-09-03 22:00:00 INFO [worker-0] worker heartbeat path=/api/v1/item/44
2026-09-03 22:01:07 WARN [worker-1] slow response 1664ms
2026-09-03 22:02:14 INFO [worker-2] cache miss path=/api/v1/item/46
2026-09-03 22:03:21 INFO [worker-3] cache miss path=/api/v1/item/47
2026-09-03 22:04:28 INFO [worker-4] cache hit path=/api/v1/item/48
2026-09-03 22:05:35 INFO [worker-5] cache hit path=/api/v1/item/49
2026-09-03 22:06:42 INFO [worker-6] scheduled job finished path=/api/v1/item/50
2026-09-03 22:07:49 WARN [worker-7] slow response 1700ms
2026-09-03 22:08:56 INFO [worker-0] cache hit path=/api/v1/item/52
2026-09-03 22:09:03 INFO [worker-1] scheduled job finished path=/api/v1/item/53
2026-09-03 22:10:10 ERROR [worker-2] connection reset by peer (req=85870)
2026-09-03 22:11:17 INFO [worker-3] cache hit path=/api/v1/item/55
2026-09-03 22:12:24 INFO [worker-4] request served path=/api/v1/item/56
2026-09-03 22:13:31 INFO [worker-5] cache hit path=/api/v1/item/57
2026-09-03 22:14:38 INFO [worker-6] cache miss path=/api/v1/item/58
2026-09-03 22:15:45 INFO [worker-7] cache hit path=/api/v1/item/59
2026-09-03 22:16:52 INFO [worker-0] request served path=/api/v1/item/60
2026-09-03 22:17:59 INFO [worker-1] worker heartbeat path=/api/v1/item/61
2026-09-03 22:18:06 WARN [worker-2] slow response 1648ms
2026-09-03 22:19:13 INFO [worker-3] scheduled job finished path=/api/v1/item/63
2026-09-03 22:20:20 INFO [worker-4] scheduled job finished path=/api/v1/item/64
2026-09-03 22:21:27 INFO [worker-5] scheduled job finished path=/api/v1/item/65
2026-09-03 22:22:34 INFO [worker-6] cache hit path=/api/v1/item/66
2026-09-03 22:23:41 ERROR [worker-7] connection reset by peer (req=86273)
2026-09-03 22:24:48 WARN [worker-0] slow response 1418ms
2026-09-03 22:25:55 WARN [worker-1] slow response 998ms
2026-09-03 22:26:02 INFO [worker-2] scheduled job finished path=/api/v1/item/70
2026-09-03 22:27:09 INFO [worker-3] worker heartbeat path=/api/v1/item/71
2026-09-03 22:28:16 INFO [worker-4] request served path=/api/v1/item/72
2026-09-03 22:29:23 ERROR [worker-5] invalid session token (req=86459)
2026-09-03 22:30:30 INFO [worker-6] request served path=/api/v1/item/74
2026-09-03 22:31:37 INFO [worker-7] cache miss path=/api/v1/item/75
2026-09-03 22:32:44 INFO [worker-0] worker heartbeat path=/api/v1/item/76
2026-09-03 22:33:51 INFO [worker-1] request served path=/api/v1/item/77
2026-09-03 22:34:58 INFO [worker-2] request served path=/api/v1/item/78
2026-09-03 22:35:05 INFO [worker-3] scheduled job finished path=/api/v1/item/79
2026-09-03 22:36:12 INFO [worker-4] worker heartbeat path=/api/v1/item/80
2026-09-03 22:37:19 WARN [worker-5] slow response 1996ms
2026-09-03 22:38:26 INFO [worker-6] cache miss path=/api/v1/item/82
2026-09-03 22:39:33 INFO [worker-7] cache miss path=/api/v1/item/83
2026-09-03 22:40:40 INFO [worker-0] cache hit path=/api/v1/item/84
2026-09-03 22:41:47 WARN [worker-1] slow response 1121ms
2026-09-03 22:42:54 WARN [worker-2] slow response 2910ms
2026-09-03 22:43:01 INFO [worker-3] request served path=/api/v1/item/87
2026-09-03 22:44:08 WARN [worker-4] slow response 2559ms
2026-09-03 22:45:15 INFO [worker-5] request served path=/api/v1/item/89
2026-09-03 22:46:22 INFO [worker-6] worker heartbeat path=/api/v1/item/90
2026-09-03 22:47:29 INFO [worker-7] request served path=/api/v1/item/91
2026-09-03 22:48:36 INFO [worker-0] cache hit path=/api/v1/item/92
2026-09-03 22:49:43 INFO [worker-1] cache hit path=/api/v1/item/93
2026-09-03 22:50:50 INFO [worker-2] request served path=/api/v1/item/94
2026-09-03 22:51:57 INFO [worker-3] cache miss path=/api/v1/item/95
2026-09-03 22:52:04 INFO [worker-4] request served path=/api/v1/item/96
2026-09-03 22:53:11 INFO [worker-5] scheduled job finished path=/api/v1/item/0
2026-09-03 22:54:18 INFO [worker-6] cache miss path=/api/v1/item/1
2026-09-03 22:55:25 INFO [worker-7] request served path=/api/v1/item/2
2026-09-03 22:56:32 INFO [worker-0] request served path=/api/v1/item/3
2026-09-03 22:57:39 INFO [worker-1] scheduled job finished path=/api/v1/item/4
2026-09-03 22:58:46 INFO [worker-2] request served path=/api/v1/item/5
2026-09-03 22:59:53 INFO [worker-3] cache hit path=/api/v1/item/6
2026-09-03 23:00:00 WARN [worker-4] slow response 1564ms
2026-09-03 23:01:07 WARN [worker-5] slow response 1858ms
2026-09-03 23:02:14 INFO [worker-6] cache miss path=/api/v1/item/9
2026-09-03 23:03:21 INFO [worker-7] worker heartbeat path=/api/v1/item/10
2026-09-03 23:04:28 INFO [worker-0] request served path=/api/v1/item/11
2026-09-03 23:05:35 INFO [worker-1] worker heartbeat path=/api/v1/item/12
2026-09-03 23:06:42 INFO [worker-2] cache hit path=/api/v1/item/13
2026-09-03 23:07:49 WARN [worker-3] slow response 2269ms
2026-09-03 23:08:56 INFO [worker-4] request served path=/api/v1/item/15
2026-09-03 23:09:03 INFO [worker-5] worker heartbeat path=/api/v1/item/16
2026-09-03 23:10:10 INFO [worker-6] scheduled job finished path=/api/v1/item/17
2026-09-03 23:11:17 ERROR [worker-7] connection reset by peer (req=87761)
2026-09-03 23:12:24 INFO [worker-0] cache hit path=/api/v1/item/19
2026-09-03 23:13:31 INFO [worker-1] request served path=/api/v1/item/20
2026-09-03 23:14:38 INFO [worker-2] request served path=/api/v1/item/21
2026-09-03 23:15:45 INFO [worker-3] request served path=/api/v1/item/22
2026-09-03 23:16:52 INFO [worker-4] cache hit path=/api/v1/item/23
2026-09-03 23:17:59 INFO [worker-5] cache hit path=/api/v1/item/24
2026-09-03 23:18:06 INFO [worker-6] cache hit path=/api/v1/item/25
2026-09-03 23:19:13 INFO [worker-7] worker heartbeat path=/api/v1/item/26
2026-09-03 23:20:20 WARN [worker-0] slow response 2413ms
2026-09-03 23:21:27 ERROR [worker-1] connection reset by peer (req=88071)
2026-09-03 23:22:34 INFO [worker-2] cache hit path=/api/v1/item/29
2026-09-03 23:23:41 INFO [worker-3] scheduled job finished path=/api/v1/item/30
2026-09-03 23:24:48 INFO [worker-4] cache miss path=/api/v1/item/31
2026-09-03 23:25:55 INFO [worker-5] cache miss path=/api/v1/item/32
2026-09-03 23:26:02 INFO [worker-6] cache miss path=/api/v1/item/33
2026-09-03 23:27:09 INFO [worker-7] worker heartbeat path=/api/v1/item/34
2026-09-03 23:28:16 INFO [worker-0] worker heartbeat path=/api/v1/item/35
2026-09-03 23:29:23 ERROR [worker-1] connection reset by peer (req=88319)
2026-09-03 23:30:30 ERROR [worker-2] connection reset by peer (req=88350)
2026-09-03 23:31:37 INFO [worker-3] request served path=/api/v1/item/38
2026-09-03 23:32:44 INFO [worker-4] worker heartbeat path=/api/v1/item/39
2026-09-03 23:33:51 INFO [worker-5] request served path=/api/v1/item/40
2026-09-03 23:34:58 INFO [worker-6] worker heartbeat path=/api/v1/item/41
2026-09-03 23:35:05 INFO [worker-7] worker heartbeat path=/api/v1/item/42
2026-09-03 23:36:12 INFO [worker-0] scheduled job finished path=/api/v1/item/43
2026-09-03 23:37:19 INFO [worker-1] worker heartbeat path=/api/v1/item/44
2026-09-03 23:38:26 WARN [worker-2] slow response 774ms
2026-09-03 23:39:33 INFO [worker-3] cache hit path=/api/v1/item/46
2026-09-03 23:40:40 INFO [worker-4] request served path=/api/v1/item/47
2026-09-03 23:41:47 INFO [worker-5] scheduled job finished path=/api/v1/item/48
2026-09-03 23:42:54 INFO [worker-6] request served path=/api/v1/item/49
2026-09-03 23:43:01 INFO [worker-7] request served path=/api/v1/item/50
2026-09-03 23:44:08 WARN [worker-0] slow response 1819ms
2026-09-03 23:45:15 INFO [worker-1] cache hit path=/api/v1/item/52
2026-09-03 23:46:22 INFO [worker-2] cache miss path=/api/v1/item/53
2026-09-03 23:47:29 INFO [worker-3] cache miss path=/api/v1/item/54
2026-09-03 23:48:36 INFO [worker-4] cache miss path=/api/v1/item/55
2026-09-03 23:49:43 WARN [worker-5] slow response 2293ms
2026-09-03 23:50:50 INFO [worker-6] request served path=/api/v1/item/57
2026-09-03 23:51:57 WARN [worker-7] slow response 2727ms
2026-09-03 23:52:04 INFO [worker-0] cache hit path=/api/v1/item/59
2026-09-03 23:53:11 INFO [worker-1] cache hit path=/api/v1/item/60
2026-09-03 23:54:18 INFO [worker-2] cache miss path=/api/v1/item/61
2026-09-03 23:55:25 INFO [worker-3] request served path=/api/v1/item/62
2026-09-03 23:56:32 INFO [worker-4] request served path=/api/v1/item/63
2026-09-03 23:57:39 INFO [worker-5] request served path=/api/v1/item/64
2026-09-03 23:58:46 WARN [worker-6] slow response 1948ms
2026-09-03 23:59:53 WARN [worker-7] slow response 1753ms
2026-09-03 00:00:00 INFO [worker-0] cache miss path=/api/v1/item/67
2026-09-03 00:01:07 INFO [worker-1] scheduled job finished path=/api/v1/item/68
2026-09-03 00:02:14 INFO [worker-2] scheduled job finished path=/api/v1/item/69
2026-09-03 00:03:21 INFO [worker-3] scheduled job finished path=/api/v1/item/70
2026-09-03 00:04:28 INFO [worker-4] cache miss path=/api/v1/item/71
2026-09-03 00:05:35 INFO [worker-5] worker heartbeat path=/api/v1/item/72
2026-09-03 00:06:42 INFO [worker-6] cache hit path=/api/v1/item/73
2026-09-03 00:07:49 INFO [worker-7] scheduled job finished path=/api/v1/item/74
2026-09-03 00:08:56 INFO [worker-0] cache hit path=/api/v1/item/75
2026-09-03 00:09:03 INFO [worker-1] scheduled job finished path=/api/v1/item/76
2026-09-03 00:10:10 WARN [worker-2] slow response 591ms
2026-09-03 00:11:17 INFO [worker-3] scheduled job finished path=/api/v1/item/78
2026-09-03 00:12:24 WARN [worker-4] slow response 2678ms
2026-09-03 00:13:31 INFO [worker-5] request served path=/api/v1/item/80
2026-09-03 00:14:38 INFO [worker-6] worker heartbeat path=/api/v1/item/81
2026-09-03 00:15:45 INFO [worker-7] scheduled job finished path=/api/v1/item/82
2026-09-03 00:16:52 INFO [worker-0] scheduled job finished path=/api/v1/item/83
2026-09-03 00:17:59 INFO [worker-1] scheduled job finished path=/api/v1/item/84
2026-09-03 00:18:06 INFO [worker-2] worker heartbeat path=/api/v1/item/85
2026-09-03 00:19:13 INFO [worker-3] request served path=/api/v1/item/86
2026-09-03 00:20:20 INFO [worker-4] worker heartbeat path=/api/v1/item/87
2026-09-03 00:21:27 INFO [worker-5] cache hit path=/api/v1/item/88
2026-09-03 00:22:34 INFO [worker-6] cache miss path=/api/v1/item/89
2026-09-03 00:23:41 INFO [worker-7] worker heartbeat path=/api/v1/item/90
2026-09-03 00:24:48 INFO [worker-0] cache miss path=/api/v1/item/91
2026-09-03 00:25:55 INFO [worker-1] cache hit path=/api/v1/item/92
2026-09-03 00:26:02 INFO [worker-2] worker heartbeat path=/api/v1/item/93
2026-09-03 00:27:09 INFO [worker-3] cache miss path=/api/v1/item/94
2026-09-03 00:28:16 INFO [worker-4] request served path=/api/v1/item/95
2026-09-03 00:29:23 INFO [worker-5] request served path=/api/v1/item/96
2026-09-03 00:30:30 INFO [worker-6] worker heartbeat path=/api/v1/item/0
2026-09-03 00:31:37 ERROR [worker-7] disk quota exceeded (req=90241)
2026-09-03 00:32:44 INFO [worker-0] cache miss path=/api/v1/item/2
2026-09-03 00:33:51 INFO [worker-1] cache hit path=/api/v1/item/3
2026-09-03 00:34:58 INFO [worker-2] worker heartbeat path=/api/v1/item/4
2026-09-03 00:35:05 WARN [worker-3] slow response 1261ms
2026-09-03 00:36:12 INFO [worker-4] cache miss path=/api/v1/item/6
2026-09-03 00:37:19 WARN [worker-5] slow response 2495ms
2026-09-03 00:38:26 ERROR [worker-6] connection reset by peer (req=90458)
2026-09-03 00:39:33 INFO [worker-7] worker heartbeat path=/api/v1/item/9
2026-09-03 00:40:40 INFO [worker-0] worker heartbeat path=/api/v1/item/10
2026-09-03 00:41:47 INFO [worker-1] cache hit path=/api/v1/item/11
2026-09-03 00:42:54 INFO [worker-2] cache hit path=/api/v1/item/12
2026-09-03 00:43:01 INFO [worker-3] cache miss path=/api/v1/item/13
2026-09-03 00:44:08 INFO [worker-4] cache hit path=/api/v1/item/14
2026-09-03 00:45:15 INFO [worker-5] cache hit path=/api/v1/item/15
2026-09-03 00:46:22 INFO [worker-6] worker heartbeat path=/api/v1/item/16
2026-09-03 00:47:29 INFO [worker-7] cache hit path=/api/v1/item/17
2026-09-03 00:48:36 INFO [worker-0] cache miss path=/api/v1/item/18
2026-09-03 00:49:43 INFO [worker-1] request served path=/api/v1/item/19
2026-09-03 00:50:50 INFO [worker-2] worker heartbeat path=/api/v1/item/20
2026-09-03 00:51:57 INFO [worker-3] scheduled job finished path=/api/v1/item/21
2026-09-03 00:52:04 INFO [worker-4] request served path=/api/v1/item/22
2026-09-03 00:53:11 INFO [worker-5] cache hit path=/api/v1/item/23
2026-09-03 00:54:18 INFO [worker-6] request served path=/api/v1/item/24
2026-09-03 00:55:25 INFO [worker-7] request served path=/api/v1/item/25
2026-09-03 00:56:32 INFO [worker-0] cache miss path=/api/v1/item/26
2026-09-03 00:57:39 WARN [worker-1] slow response 643ms
2026-09-03 00:58:46 INFO [worker-2] cache hit path=/api/v1/item/28
2026-09-03 00:59:53 INFO [worker-3] scheduled job finished path=/api/v1/item/29
2026-09-03 01:00:00 INFO [worker-4] scheduled job finished path=/api/v1/item/30
2026-09-03 01:01:07 INFO [worker-5] request served path=/api/v1/item/31
2026-09-03 01:02:14 INFO [worker-6] cache hit path=/api/v1/item/32
2026-09-03 01:03:21 INFO [worker-7] scheduled job finished path=/api/v1/item/33
2026-09-03 01:04:28 INFO [worker-0] cache miss path=/api/v1/item/34
2026-09-03 01:05:35 WARN [worker-1] slow response 2841ms
2026-09-03 01:06:42 INFO [worker-2] scheduled job finished path=/api/v1/item/36
2026-09-03 01:07:49 WARN [worker-3] slow response 2385ms
2026-09-03 01:08:56 WARN [worker-4] slow response 1371ms
2026-09-03 01:09:03 INFO [worker-5] worker heartbeat path=/api/v1/item/39
2026-09-03 01:10:10 INFO [worker-6] request served path=/api/v1/item/40
2026-09-03 01:11:17 INFO [worker-7] request served path=/api/v1/item/41
2026-09-03 01:12:24 INFO [worker-0] worker heartbeat path=/api/v1/item/42
2026-09-03 01:13:31 INFO [worker-1] worker heartbeat path=/api/v1/item/43
2026-09-03 01:14:38 INFO [worker-2] scheduled job finished path=/api/v1/item/44
2026-09-03 01:15:45 INFO [worker-3] request served path=/api/v1/item/45
2026-09-03 01:16:52 INFO [worker-4] scheduled job finished path=/api/v1/item/46
2026-09-03 01:17:59 INFO [worker-5] cache miss path=/api/v1/item/47
2026-09-03 01:18:06 INFO [worker-6] worker heartbeat path=/api/v1/item/48
2026-09-03 01:19:13 INFO [worker-7] request served path=/api/v1/item/49
2026-09-03 01:20:20 ERROR [worker-0] connection reset by peer (req=91760)
2026-09-03 01:21:27 INFO [worker-1] scheduled job finished path=/api/v1/item/51
2026-09-03 01:22:34 WARN [worker-2] slow response 2954ms
2026-09-03 01:23:41 INFO [worker-3] scheduled job finished path=/api/v1/item/53
2026-09-03 01:24:48 INFO [worker-4] cache hit path=/api/v1/item/54
2026-09-03 01:25:55 INFO [worker-5] request served path=/api/v1/item/55
2026-09-03 01:26:02 INFO [worker-6] worker heartbeat path=/api/v1/item/56
2026-09-03 01:27:09 INFO [worker-7] request served path=/api/v1/item/57
2026-09-03 01:28:16 INFO [worker-0] cache hit path=/api/v1/item/58
2026-09-03 01:29:23 INFO [worker-1] request served path=/api/v1/item/59
2026-09-03 01:30:30 WARN [worker-2] slow response 872ms
2026-09-03 01:31:37 WARN [worker-3] slow response 519ms
2026-09-03 01:32:44 INFO [worker-4] scheduled job finished path=/api/v1/item/62
2026-09-03 01:33:51 INFO [worker-5] cache miss path=/api/v1/item/63
2026-09-03 01:34:58 INFO [worker-6] cache hit path=/api/v1/item/64
2026-09-03 01:35:05 WARN [worker-7] slow response 2662ms
2026-09-03 01:36:12 INFO [worker-0] cache miss path=/api/v1/item/66
2026-09-03 01:37:19 INFO [worker-1] scheduled job finished path=/api/v1/item/67
2026-09-03 01:38:26 INFO [worker-2] worker heartbeat path=/api/v1/item/68
2026-09-03 01:39:33 INFO [worker-3] cache miss path=/api/v1/item/69
2026-09-03 01:40:40 INFO [worker-4] scheduled job finished path=/api/v1/item/70
2026-09-03 01:41:47 INFO [worker-5] cache miss path=/api/v1/item/71
2026-09-03 01:42:54 INFO [worker-6] scheduled job finished path=/api/v1/item/72
2026-09-03 01:43:01 INFO [worker-7] cache miss path=/api/v1/item/73
2026-09-03 01:44:08 INFO [worker-0] cache miss path=/api/v1/item/74
2026-09-03 01:45:15 INFO [worker-1] scheduled job finished path=/api/v1/item/75
2026-09-03 01:46:22 INFO [worker-2] cache hit path=/api/v1/item/76
2026-09-03 01:47:29 INFO [worker-3] request served path=/api/v1/item/77
2026-09-03 01:48:36 INFO [worker-4] worker heartbeat path=/api/v1/item/78
2026-09-03 01:49:43 ERROR [worker-5] invalid session token (req=92659)
2026-09-03 01:50:50 INFO [worker-6] request served path=/api/v1/item/80
2026-09-03 01:51:57 WARN [worker-7] slow response 1309ms
2026-09-03 01:52:04 INFO [worker-0] worker heartbeat path=/api/v1/item/82
2026-09-03 01:53:11 INFO [worker-1] cache miss path=/api/v1/item/83
2026-09-03 01:54:18 INFO [worker-2] worker heartbeat path=/api/v1/item/84
2026-09-03 01:55:25 WARN [worker-3] slow response 2035ms
2026-09-03 01:56:32 INFO [worker-4] request served path=/api/v1/item/86
2026-09-03 01:57:39 ERROR [worker-5] connection reset by peer (req=92907)
2026-09-03 01:58:46 INFO [worker-6] worker heartbeat path=/api/v1/item/88
2026-09-03 01:59:53 INFO [worker-7] worker heartbeat path=/api/v1/item/89
2026-09-04 02:00:00 INFO [worker-0] cache hit path=/api/v1/item/90
2026-09-04 02:01:07 INFO [worker-1] request served path=/api/v1/item/91
2026-09-04 02:02:14 INFO [worker-2] cache hit path=/api/v1/item/92
2026-09-04 02:03:21 INFO [worker-3] scheduled job finished path=/api/v1/item/93
2026-09-04 02:04:28 WARN [worker-4] slow response 1203ms
2026-09-04 02:05:35 INFO [worker-5] cache miss path=/api/v1/item/95
2026-09-04 02:06:42 INFO [worker-6] scheduled job finished path=/api/v1/item/96
2026-09-04 02:07:49 WARN [worker-7] slow response 2479ms
2026-09-04 02:08:56 INFO [worker-0] request served path=/api/v1/item/1
2026-09-04 02:09:03 WARN [worker-1] slow response 1764ms
2026-09-04 02:10:10 INFO [worker-2] cache hit path=/api/v1/item/3
2026-09-04 02:11:17 INFO [worker-3] scheduled job finished path=/api/v1/item/4
2026-09-04 02:12:24 INFO [worker-4] scheduled job finished path=/api/v1/item/5
2026-09-04 02:13:31 INFO [worker-5] worker heartbeat path=/api/v1/item/6
2026-09-04 02:14:38 INFO [worker-6] cache miss path=/api/v1/item/7
2026-09-04 02:15:45 INFO [worker-7] cache miss path=/api/v1/item/8
2026-09-04 02:16:52 INFO [worker-0] scheduled job finished path=/api/v1/item/9
2026-09-04 02:17:59 INFO [worker-1] request served path=/api/v1/item/10
2026-09-04 02:18:06 INFO [worker-2] request served path=/api/v1/item/11
2026-09-04 02:19:13 WARN [worker-3] slow response 635ms
2026-09-04 02:20:20 INFO [worker-4] scheduled job finished path=/api/v1/item/13
2026-09-04 02:21:27 INFO [worker-5] cache miss path=/api/v1/item/14
2026-09-04 02:22:34 INFO [worker-6] request served path=/api/v1/item/15
2026-09-04 02:23:41 WARN [worker-7] slow response 2632ms
2026-09-04 02:24:48 ERROR [worker-0] timeout waiting for upstream (req=93744)
2026-09-04 02:25:55 INFO [worker-1] request served path=/api/v1/item/18
2026-09-04 02:26:02 INFO [worker-2] worker heartbeat path=/api/v1/item/19
2026-09-04 02:27:09 INFO [worker-3] cache hit path=/api/v1/item/20
2026-09-04 02:28:16 INFO [worker-4] cache miss path=/api/v1/item/21
2026-09-04 02:29:23 INFO [worker-5] cache hit path=/api/v1/item/22
2026-09-04 02:30:30 INFO [worker-6] request served path=/api/v1/item/23
2026-09-04 02:31:37 INFO [worker-7] request served path=/api/v1/item/24
2026-09-04 02:32:44 INFO [worker-0] request served path=/api/v1/item/25
2026-09-04 02:33:51 ERROR [worker-1] timeout waiting for upstream (req=94023)
2026-09-04 02:34:58 INFO [worker-2] cache miss path=/api/v1/item/27
2026-09-04 02:35:05 INFO [worker-3] request served path=/api/v1/item/28
2026-09-04 02:36:12 INFO [worker-4] worker heartbeat path=/api/v1/item/29
2026-09-04 02:37:19 INFO [worker-5] cache miss path=/api/v1/item/30
2026-09-04 02:38:26 INFO [worker-6] request served path=/api/v1/item/31
2026-09-04 02:39:33 INFO [worker-7] cache miss path=/api/v1/item/32
2026-09-04 02:40:40 INFO [worker-0] request served path=/api/v1/item/33
2026-09-04 02:41:47 INFO [worker-1] scheduled job finished path=/api/v1/item/34
2026-09-04 02:42:54 INFO [worker-2] scheduled job finished path=/api/v1/item/35
2026-09-04 02:43:01 INFO [worker-3] cache hit path=/api/v1/item/36
2026-09-04 02:44:08 INFO [worker-4] scheduled job finished path=/api/v1/item/37
2026-09-04 02:45:15 INFO [worker-5] worker heartbeat path=/api/v1/item/38
2026-09-04 02:46:22 INFO [worker-6] cache hit path=/api/v1/item/39
2026-09-04 02:47:29 INFO [worker-7] scheduled job finished path=/api/v1/item/40
2026-09-04 02:48:36 INFO [worker-0] cache miss path=/api/v1/item/41
2026-09-04 02:49:43 INFO [worker-1] cache hit path=/api/v1/item/42
2026-09-04 02:50:50 WARN [worker-2] slow response 2301ms
2026-09-04 02:51:57 INFO [worker-3] cache miss path=/api/v1/item/44
2026-09-04 02:52:04 INFO [worker-4] cache miss path=/api/v1/item/45
2026-09-04 02:53:11 INFO [worker-5] request served path=/api/v1/item/46
2026-09-04 02:54:18 INFO [worker-6] cache miss path=/api/v1/item/47
2026-09-04 02:55:25 INFO [worker-7] cache hit path=/api/v1/item/48
2026-09-04 02:56:32 INFO [worker-0] worker heartbeat path=/api/v1/item/49
2026-09-04 02:57:39 WARN [worker-1] slow response 1131ms
2026-09-04 02:58:46 INFO [worker-2] cache hit path=/api/v1/item/51
2026-09-04 02:59:53 INFO [worker-3] scheduled job finished path=/api/v1/item/52
2026-09-04 03:00:00 INFO [worker-4] cache hit path=/api/v1/item/53
2026-09-04 03:01:07 INFO [worker-5] cache hit path=/api/v1/item/54
2026-09-04 03:02:14 INFO [worker-6] request served path=/api/v1/item/55
2026-09-04 03:03:21 INFO [worker-7] cache miss path=/api/v1/item/56
2026-09-04 03:04:28 INFO [worker-0] worker heartbeat path=/api/v1/item/57
2026-09-04 03:05:35 INFO [worker-1] scheduled job finished path=/api/v1/item/58
2026-09-04 03:06:42 INFO [worker-2] cache hit path=/api/v1/item/59
2026-09-04 03:07:49 INFO [worker-3] request served path=/api/v1/item/60
2026-09-04 03:08:56 INFO [worker-4] cache miss path=/api/v1/item/61
2026-09-04 03:09:03 INFO [worker-5] cache hit path=/api/v1/item/62
2026-09-04 03:10:10 INFO [worker-6] scheduled job finished path=/api/v1/item/63
2026-09-04 03:11:17 INFO [worker-7] cache hit path=/api/v1/item/64
2026-09-04 03:12:24 INFO [worker-0] cache hit path=/api/v1/item/65
2026-09-04 03:13:31 INFO [worker-1] request served path=/api/v1/item/66
2026-09-04 03:14:38 INFO [worker-2] worker heartbeat path=/api/v1/item/67
2026-09-04 03:15:45 INFO [worker-3] worker heartbeat path=/api/v1/item/68
2026-09-04 03:16:52 INFO [worker-4] worker heartbeat path=/api/v1/item/69
2026-09-04 03:17:59 WARN [worker-5] slow response 912ms
2026-09-04 03:18:06 WARN [worker-6] slow response 1205ms
2026-09-04 03:19:13 INFO [worker-7] cache hit path=/api/v1/item/72
2026-09-04 03:20:20 INFO [worker-0] worker heartbeat path=/api/v1/item/73
2026-09-04 03:21:27 INFO [worker-1] cache hit path=/api/v1/item/74
2026-09-04 03:22:34 WARN [worker-2] slow response 2865ms
2026-09-04 03:23:41 INFO [worker-3] cache hit path=/api/v1/item/76
2026-09-04 03:24:48 INFO [worker-4] scheduled job finished path=/api/v1/item/77
2026-09-04 03:25:55 WARN [worker-5] slow response 2563ms
2026-09-04 03:26:02 INFO [worker-6] request served path=/api/v1/item/79
2026-09-04 03:27:09 ERROR [worker-7] disk quota exceeded (req=95697)
2026-09-04 03:28:16 WARN [worker-0] slow response 656ms
2026-09-04 03:29:23 INFO [worker-1] scheduled job finished path=/api/v1/item/82
2026-09-04 03:30:30 WARN [worker-2] slow response 2283ms
2026-09-04 03:31:37 INFO [worker-3] cache miss path=/api/v1/item/84
2026-09-04 03:32:44 INFO [worker-4] scheduled job finished path=/api/v1/item/85
2026-09-04 03:33:51 INFO [worker-5] scheduled job finished path=/api/v1/item/86
2026-09-04 03:34:58 WARN [worker-6] slow response 1920ms
2026-09-04 03:35:05 INFO [worker-7] worker heartbeat path=/api/v1/item/88
2026-09-04 03:36:12 INFO [worker-0] cache hit path=/api/v1/item/89
2026-09-04 03:37:19 INFO [worker-1] cache hit path=/api/v1/item/90
2026-09-04 03:38:26 INFO [worker-2] request served path=/api/v1/item/91
2026-09-04 03:39:33 ERROR [worker-3] timeout waiting for upstream (req=96069)
2026-09-04 03:40:40 INFO [worker-4] cache hit path=/api/v1/item/93
2026-09-04 03:41:47 INFO [worker-5] request served path=/api/v1/item/94
2026-09-04 03:42:54 INFO [worker-6] request served path=/api/v1/item/95
2026-09-04 03:43:01 INFO [worker-7] cache hit path=/api/v1/item/96
2026-09-04 03:44:08 INFO [worker-0] cache miss path=/api/v1/item/0
2026-09-04 03:45:15 INFO [worker-1] cache hit path=/api/v1/item/1
2026-09-04 03:46:22 INFO [worker-2] worker heartbeat path=/api/v1/item/2
2026-09-04 03:47:29 WARN [worker-3] slow response 1415ms
2026-09-04 03:48:36 INFO [worker-4] request served path=/api/v1/item/4
2026-09-04 03:49:43 INFO [worker-5] request served path=/api/v1/item/5
2026-09-04 03:50:50 INFO [worker-6] worker heartbeat path=/api/v1/item/6
2026-09-04 03:51:57 INFO [worker-7] cache hit path=/api/v1/item/7
2026-09-04 03:52:04 INFO [worker-0] request served path=/api/v1/item/8
2026-09-04 03:53:11 INFO [worker-1] worker heartbeat path=/api/v1/item/9
2026-09-04 03:54:18 INFO [worker-2] scheduled job finished path=/api/v1/item/10
2026-09-04 03:55:25 INFO [worker-3] cache miss path=/api/v1/item/11
2026-09-04 03:56:32 INFO [worker-4] scheduled job finished path=/api/v1/item/12
2026-09-04 03:57:39 INFO [worker-5] scheduled job finished path=/api/v1/item/13
2026-09-04 03:58:46 INFO [worker-6] worker heartbeat path=/api/v1/item/14
2026-09-04 03:59:53 INFO [worker-7] scheduled job finished path=/api/v1/item/15
2026-09-04 04:00:00 INFO [worker-0] worker heartbeat path=/api/v1/item/16
2026-09-04 04:01:07 INFO [worker-1] worker heartbeat path=/api/v1/item/17
2026-09-04 04:02:14 INFO [worker-2] worker heartbeat path=/api/v1/item/18
2026-09-04 04:03:21 INFO [worker-3] request served path=/api/v1/item/19
2026-09-04 04:04:28 INFO [worker-4] worker heartbeat path=/api/v1/item/20
2026-09-04 04:05:35 INFO [worker-5] cache hit path=/api/v1/item/21
2026-09-04 04:06:42 INFO [worker-6] scheduled job finished path=/api/v1/item/22
2026-09-04 04:07:49 INFO [worker-7] request served path=/api/v1/item/23
2026-09-04 04:08:56 INFO [worker-0] worker heartbeat path=/api/v1/item/24
2026-09-04 04:09:03 INFO [worker-1] request served path=/api/v1/item/25
2026-09-04 04:10:10 INFO [worker-2] worker heartbeat path=/api/v1/item/26
2026-09-04 04:11:17 INFO [worker-3] cache hit path=/api/v1/item/27
2026-09-04 04:12:24 INFO [worker-4] cache hit path=/api/v1/item/28
2026-09-04 04:13:31 INFO [worker-5] worker heartbeat path=/api/v1/item/29
2026-09-04 04:14:38 INFO [worker-6] cache hit path=/api/v1/item/30
2026-09-04 04:15:45 WARN [worker-7] slow response 2110ms
2026-09-04 04:16:52 INFO [worker-0] cache miss path=/api/v1/item/32
2026-09-04 04:17:59 ERROR [worker-1] connection reset by peer (req=97247)
2026-09-04 04:18:06 INFO [worker-2] scheduled job finished path=/api/v1/item/34
2026-09-04 04:19:13 INFO [worker-3] request served path=/api/v1/item/35
2026-09-04 04:20:20 WARN [worker-4] slow response 823ms
2026-09-04 04:21:27 INFO [worker-5] cache miss path=/api/v1/item/37
2026-09-04 04:22:34 INFO [worker-6] scheduled job finished path=/api/v1/item/38
2026-09-04 04:23:41 INFO [worker-7] cache hit path=/api/v1/item/39
2026-09-04 04:24:48 WARN [worker-0] slow response 779ms
2026-09-04 04:25:55 INFO [worker-1] cache miss path=/api/v1/item/41
2026-09-04 04:26:02 ERROR [worker-2] timeout waiting for upstream (req=97526)
2026-09-04 04:27:09 INFO [worker-3] cache hit path=/api/v1/item/43
2026-09-04 04:28:16 INFO [worker-4] scheduled job finished path=/api/v1/item/44
2026-09-04 04:29:23 INFO [worker-5] request served path=/api/v1/item/45
2026-09-04 04:30:30 WARN [worker-6] slow response 2400ms
2026-09-04 04:31:37 INFO [worker-7] worker heartbeat path=/api/v1/item/47
2026-09-04 04:32:44 INFO [worker-0] worker heartbeat path=/api/v1/item/48
2026-09-04 04:33:51 INFO [worker-1] worker heartbeat path=/api/v1/item/49
2026-09-04 04:34:58 INFO [worker-2] cache miss path=/api/v1/item/50
2026-09-04 04:35:05 INFO [worker-3] worker heartbeat path=/api/v1/item/51
2026-09-04 04:36:12 INFO [worker-4] scheduled job finished path=/api/v1/item/52
2026-09-04 04:37:19 INFO [worker-5] request served path=/api/v1/item/53
2026-09-04 04:38:26 INFO [worker-6] worker heartbeat path=/api/v1/item/54
2026-09-04 04:39:33 INFO [worker-7] cache hit path=/api/v1/item/55
2026-09-04 04:40:40 WARN [worker-0] slow response 2096ms
2026-09-04 04:41:47 INFO [worker-1] cache miss path=/api/v1/item/57
2026-09-04 04:42:54 INFO [worker-2] scheduled job finished path=/api/v1/item/58
2026-09-04 04:43:01 INFO [worker-3] worker heartbeat path=/api/v1/item/59
2026-09-04 04:44:08 WARN [worker-4] slow response 1617ms
2026-09-04 04:45:15 INFO [worker-5] cache hit path=/api/v1/item/61
2026-09-04 04:46:22 WARN [worker-6] slow response 568ms
2026-09-04 04:47:29 INFO [worker-7] request served path=/api/v1/item/63
2026-09-04 04:48:36 INFO [worker-0] cache miss path=/api/v1/item/64
2026-09-04 04:49:43 INFO [worker-1] worker heartbeat path=/api/v1/item/65
2026-09-04 04:50:50 INFO [worker-2] request served path=/api/v1/item/66
2026-09-04 04:51:57 WARN [worker-3] slow response 947ms
2026-09-04 04:52:04 INFO [worker-4] scheduled job finished path=/api/v1/item/68
2026-09-04 04:53:11 INFO [worker-5] request served path=/api/v1/item/69
2026-09-04 04:54:18 INFO [worker-6] cache miss path=/api/v1/item/70
2026-09-04 04:55:25 WARN [worker-7] slow response 2438ms
2026-09-04 04:56:32 WARN [worker-0] slow response 610ms
2026-09-04 04:57:39 WARN [worker-1] slow response 1411ms
2026-09-04 04:58:46 INFO [worker-2] request served path=/api/v1/item/74
2026-09-04 04:59:53 INFO [worker-3] scheduled job finished path=/api/v1/item/75
2026-09-04 05:00:00 INFO [worker-4] cache hit path=/api/v1/item/76
2026-09-04 05:01:07 INFO [worker-5] worker heartbeat path=/api/v1/item/77
2026-09-04 05:02:14 INFO [worker-6] scheduled job finished path=/api/v1/item/78
2026-09-04 05:03:21 INFO [worker-7] request served path=/api/v1/item/79
2026-09-04 05:04:28 INFO [worker-0] request served path=/api/v1/item/80
2026-09-04 05:05:35 INFO [worker-1] worker heartbeat path=/api/v1/item/81
2026-09-04 05:06:42 INFO [worker-2] request served path=/api/v1/item/82
2026-09-04 05:07:49 INFO [worker-3] request served path=/api/v1/item/83
2026-09-04 05:08:56 INFO [worker-4] scheduled job finished path=/api/v1/item/84
2026-09-04 05:09:03 INFO [worker-5] scheduled job finished path=/api/v1/item/85
2026-09-04 05:10:10 INFO [worker-6] cache miss path=/api/v1/item/86
2026-09-04 05:11:17 INFO [worker-7] cache miss path=/api/v1/item/87
2026-09-04 05:12:24 WARN [worker-0] slow response 2290ms
2026-09-04 05:13:31 ERROR [worker-1] timeout waiting for upstream (req=98983)
2026-09-04 05:14:38 INFO [worker-2] scheduled job finished path=/api/v1/item/90
2026-09-04 05:15:45 INFO [worker-3] scheduled job finished path=/api/v1/item/91
2026-09-04 05:16:52 WARN [worker-4] slow response 2615ms
2026-09-04 05:17:59 INFO [worker-5] cache hit path=/api/v1/item/93
2026-09-04 05:18:06 INFO [worker-6] cache miss path=/api/v1/item/94
2026-09-04 05:19:13 INFO [worker-7] scheduled job finished path=/api/v1/item/95
2026-09-04 05:20:20 INFO [worker-0] cache miss path=/api/v1/item/96
2026-09-04 05:21:27 INFO [worker-1] worker heartbeat path=/api/v1/item/0
2026-09-04 05:22:34 INFO [worker-2] scheduled job finished path=/api/v1/item/1
2026-09-04 05:23:41 INFO [worker-3] scheduled job finished path=/api/v1/item/2
2026-09-04 05:24:48 INFO [worker-4] worker heartbeat path=/api/v1/item/3
2026-09-04 05:25:55 INFO [worker-5] cache miss path=/api/v1/item/4
2026-09-04 05:26:02 INFO [worker-6] scheduled job finished path=/api/v1/item/5
2026-09-04 05:27:09 INFO [worker-7] cache hit path=/api/v1/item/6
2026-09-04 05:28:16 INFO [worker-0] cache hit path=/api/v1/item/7
2026-09-04 05:29:23 INFO [worker-1] scheduled job finished path=/api/v1/item/8
2026-09-04 05:30:30 ERROR [worker-2] connection reset by peer (req=99510)
2026-09-04 05:31:37 INFO [worker-3] cache miss path=/api/v1/item/10
2026-09-04 05:32:44 INFO [worker-4] scheduled job finished path=/api/v1/item/11
2026-09-04 05:33:51 INFO [worker-5] worker heartbeat path=/api/v1/item/12
2026-09-04 05:34:58 INFO [worker-6] request served path=/api/v1/item/13
2026-09-04 05:35:05 INFO [worker-7] request served path=/api/v1/item/14
2026-09-04 05:36:12 WARN [worker-0] slow response 2665ms
2026-09-04 05:37:19 INFO [worker-1] request served path=/api/v1/item/16
2026-09-04 05:38:26 INFO [worker-2] worker heartbeat path=/api/v1/item/17
2026-09-04 05:39:33 INFO [worker-3] worker heartbeat path=/api/v1/item/18
2026-09-04 05:40:40 WARN [worker-4] slow response 2800ms
2026-09-04 05:41:47 INFO [worker-5] cache miss path=/api/v1/item/20
2026-09-04 05:42:54 INFO [worker-6] scheduled job finished path=/api/v1/item/21
2026-09-04 05:43:01 INFO [worker-7] worker heartbeat path=/api/v1/item/22
2026-09-04 05:44:08 WARN [worker-0] slow response 1076ms
2026-09-04 05:45:15 INFO [worker-1] cache miss path=/api/v1/item/24
2026-09-04 05:46:22 INFO [worker-2] worker heartbeat path=/api/v1/item/25
2026-09-04 05:47:29 ERROR [worker-3] connection reset by peer (req=37)
2026-09-04 05:48:36 INFO [worker-4] request served path=/api/v1/item/27
2026-09-04 05:49:43 INFO [worker-5] cache hit path=/api/v1/item/28
2026-09-04 05:50:50 INFO [worker-6] cache miss path=/api/v1/item/29
2026-09-04 05:51:57 INFO [worker-7] worker heartbeat path=/api/v1/item/30
2026-09-04 05:52:04 INFO [worker-0] cache miss path=/api/v1/item/31
2026-09-04 05:53:11 INFO [worker-1] cache hit path=/api/v1/item/32
2026-09-04 05:54:18 INFO [worker-2] cache hit path=/api/v1/item/33
2026-09-04 05:55:25 WARN [worker-3] slow response 1137ms
2026-09-04 05:56:32 INFO [worker-4] scheduled job finished path=/api/v1/item/35
2026-09-04 05:57:39 INFO [worker-5] cache miss path=/api/v1/item/36
2026-09-04 05:58:46 INFO [worker-6] scheduled job finished path=/api/v1/item/37
2026-09-04 05:59:53 WARN [worker-7] slow response 2756ms
2026-09-04 06:00:00 INFO [worker-0] cache miss path=/api/v1/item/39
2026-09-04 06:01:07 INFO [worker-1] cache miss path=/api/v1/item/40
2026-09-04 06:02:14 INFO [worker-2] cache miss path=/api/v1/item/41
2026-09-04 06:03:21 INFO [worker-3] request served path=/api/v1/item/42
2026-09-04 06:04:28 INFO [worker-4] cache hit path=/api/v1/item/43
2026-09-04 06:05:35 INFO [worker-5] request served path=/api/v1/item/44
2026-09-04 06:06:42 INFO [worker-6] worker heartbeat path=/api/v1/item/45
2026-09-04 06:07:49 INFO [worker-7] request served path=/api/v1/item/46
2026-09-04 06:08:56 INFO [worker-0] cache hit path=/api/v1/item/47
2026-09-04 06:09:03 INFO [worker-1] cache hit path=/api/v1/item/48
2026-09-04 06:10:10 ERROR [worker-2] connection reset by peer (req=750)
2026-09-04 06:11:17 INFO [worker-3] scheduled job finished path=/api/v1/item/50
2026-09-04 06:12:24 INFO [worker-4] request served path=/api/v1/item/51
2026-09-04 06:13:31 INFO [worker-5] cache miss path=/api/v1/item/52
2026-09-04 06:14:38 INFO [worker-6] request served path=/api/v1/item/53
2026-09-04 06:15:45 INFO [worker-7] request served path=/api/v1/item/54
2026-09-04 06:16:52 INFO [worker-0] request served path=/api/v1/item/55
2026-09-04 06:17:59 INFO [worker-1] scheduled job finished path=/api/v1/item/56
2026-09-04 06:18:06 ERROR [worker-2] timeout waiting for upstream (req=998)
2026-09-04 06:19:13 INFO [worker-3] worker heartbeat path=/api/v1/item/58
2026-09-04 06:20:20 INFO [worker-4] worker heartbeat path=/api/v1/item/59
2026-09-04 06:21:27 WARN [worker-5] slow response 2710ms
2026-09-04 06:22:34 INFO [worker-6] cache miss path=/api/v1/item/61
2026-09-04 06:23:41 INFO [worker-7] cache hit path=/api/v1/item/62
2026-09-04 06:24:48 WARN [worker-0] slow response 2847ms
2026-09-04 06:25:55 INFO [worker-1] cache miss path=/api/v1/item/64
2026-09-04 06:26:02 INFO [worker-2] cache hit path=/api/v1/item/65
2026-09-04 06:27:09 INFO [worker-3] scheduled job finished path=/api/v1/item/66
2026-09-04 06:28:16 INFO [worker-4] request served path=/api/v1/item/67
2026-09-04 06:29:23 INFO [worker-5] cache miss path=/api/v1/item/68
2026-09-04 06:30:30 INFO [worker-6] request served path=/api/v1/item/69
2026-09-04 06:31:37 INFO [worker-7] cache miss path=/api/v1/item/70
2026-09-04 06:32:44 INFO [worker-0] worker heartbeat path=/api/v1/item/71
2026-09-04 06:33:51 INFO [worker-1] worker heartbeat path=/api/v1/item/72
2026-09-04 06:34:58 INFO [worker-2] worker heartbeat path=/api/v1/item/73
2026-09-04 06:35:05 INFO [worker-3] cache miss path=/api/v1/item/74
2026-09-04 06:36:12 INFO [worker-4] scheduled job finished path=/api/v1/item/75
2026-09-04 06:37:19 WARN [worker-5] slow response 964ms
2026-09-04 06:38:26 INFO [worker-6] cache hit path=/api/v1/item/77
2026-09-04 06:39:33 INFO [worker-7] cache hit path=/api/v1/item/78
2026-09-04 06:40:40 INFO [worker-0] cache miss path=/api/v1/item/79
2026-09-04 06:41:47 WARN [worker-1] slow response 1865ms
2026-09-04 06:42:54 INFO [worker-2] worker heartbeat path=/api/v1/item/81
2026-09-04 06:43:01 INFO [worker-3] request served path=/api/v1/item/82
2026-09-04 06:44:08 INFO [worker-4] cache hit path=/api/v1/item/83
2026-09-04 06:45:15 INFO [worker-5] request served path=/api/v1/item/84
2026-09-04 06:46:22 WARN [worker-6] slow response 811ms
2026-09-04 06:47:29 ERROR [worker-7] connection reset by peer (req=1897)
2026-09-04 06:48:36 INFO [worker-0] worker heartbeat path=/api/v1/item/87
2026-09-04 06:49:43 INFO [worker-1] request served path=/api/v1/item/88
2026-09-04 06:50:50 INFO [worker-2] cache hit path=/api/v1/item/89
2026-09-04 06:51:57 INFO [worker-3] scheduled job finished path=/api/v1/item/90
2026-09-04 06:52:04 INFO [worker-4] cache miss path=/api/v1/item/91
2026-09-04 06:53:11 INFO [worker-5] worker heartbeat path=/api/v1/item/92
2026-09-04 06:54:18 INFO [worker-6] request served path=/api/v1/item/93
2026-09-04 06:55:25 INFO [worker-7] scheduled job finished path=/api/v1/item/94
2026-09-04 06:56:32 ERROR [worker-0] connection reset by peer (req=2176)
2026-09-04 06:57:39 INFO [worker-1] worker heartbeat path=/api/v1/item/96
2026-09-04 06:58:46 INFO [worker-2] cache miss path=/api/v1/item/0
2026-09-04 06:59:53 INFO [worker-3] request served path=/api/v1/item/1
2026-09-04 07:00:00 WARN [worker-4] slow response 727ms
2026-09-04 07:01:07 INFO [worker-5] worker heartbeat path=/api/v1/item/3
2026-09-04 07:02:14 INFO [worker-6] cache miss path=/api/v1/item/4
2026-09-04 07:03:21 INFO [worker-7] scheduled job finished path=/api/v1/item/5
2026-09-04 07:04:28 INFO [worker-0] cache miss path=/api/v1/item/6
2026-09-04 07:05:35 ERROR [worker-1] connection reset by peer (req=2455)
2026-09-04 07:06:42 INFO [worker-2] scheduled job finished path=/api/v1/item/8
2026-09-04 07:07:49 INFO [worker-3] worker heartbeat path=/api/v1/item/9
2026-09-04 07:08:56 INFO [worker-4] worker heartbeat path=/api/v1/item/10
2026-09-04 07:09:03 WARN [worker-5] slow response 901ms
2026-09-04 07:10:10 INFO [worker-6] request served path=/api/v1/item/12
2026-09-04 07:11:17 INFO [worker-7] worker heartbeat path=/api/v1/item/13
2026-09-04 07:12:24 INFO [worker-0] scheduled job finished path=/api/v1/item/14
2026-09-04 07:13:31 ERROR [worker-1] invalid session token (req=2703)
2026-09-04 07:14:38 INFO [worker-2] cache miss path=/api/v1/item/16
2026-09-04 07:15:45 ERROR [worker-3] invalid session token (req=2765)
2026-09-04 07:16:52 INFO [worker-4] cache miss path=/api/v1/item/18
2026-09-04 07:17:59 INFO [worker-5] request served path=/api/v1/item/19
2026-09-04 07:18:06 INFO [worker-6] cache hit path=/api/v1/item/20
2026-09-04 07:19:13 INFO [worker-7] worker heartbeat path=/api/v1/item/21
2026-09-04 07:20:20 INFO [worker-0] cache miss path=/api/v1/item/22
2026-09-04 07:21:27 INFO [worker-1] scheduled job finished path=/api/v1/item/23
2026-09-04 07:22:34 INFO [worker-2] cache miss path=/api/v1/item/24
2026-09-04 07:23:41 INFO [worker-3] cache hit path=/api/v1/item/25
2026-09-04 07:24:48 INFO [worker-4] scheduled job finished path=/api/v1/item/26
2026-09-04 07:25:55 INFO [worker-5] scheduled job finished path=/api/v1/item/27
2026-09-04 07:26:02 INFO [worker-6] request served path=/api/v1/item/28
2026-09-04 07:27:09 INFO [worker-7] scheduled job finished path=/api/v1/item/29
2026-09-04 07:28:16 INFO [worker-0] scheduled job finished path=/api/v1/item/30
2026-09-04 07:29:23 INFO [worker-1] scheduled job finished path=/api/v1/item/31
2026-09-04 07:30:30 INFO [worker-2] cache miss path=/api/v1/item/32
2026-09-04 07:31:37 INFO [worker-3] scheduled job finished path=/api/v1/item/33
2026-09-04 07:32:44 ERROR [worker-4] connection reset by peer (req=3292)
2026-09-04 07:33:51 INFO [worker-5] cache hit path=/api/v1/item/35
2026-09-04 07:34:58 INFO [worker-6] request served path=/api/v1/item/36
2026-09-04 07:35:05 INFO [worker-7] cache hit path=/api/v1/item/37
2026-09-04 07:36:12 ERROR [worker-0] timeout waiting for upstream (req=3416)
2026-09-04 07:37:19 INFO [worker-1] cache hit path=/api/v1/item/39
2026-09-04 07:38:26 INFO [worker-2] cache hit path=/api/v1/item/40
2026-09-04 07:39:33 INFO [worker-3] scheduled job finished path=/api/v1/item/41
2026-09-04 07:40:40 INFO [worker-4] cache miss path=/api/v1/item/42
2026-09-04 07:41:47 INFO [worker-5] cache hit path=/api/v1/item/43
2026-09-04 07:42:54 INFO [worker-6] request served path=/api/v1/item/44
2026-09-04 07:43:01 INFO [worker-7] scheduled job finished path=/api/v1/item/45
2026-09-04 07:44:08 INFO [worker-0] cache miss path=/api/v1/item/46
2026-09-04 07:45:15 WARN [worker-1] slow response 2336ms
2026-09-04 07:46:22 WARN [worker-2] slow response 2787ms
2026-09-04 07:47:29 INFO [worker-3] cache miss path=/api/v1/item/49
2026-09-04 07:48:36 INFO [worker-4] request served path=/api/v1/item/50
2026-09-04 07:49:43 INFO [worker-5] worker heartbeat path=/api/v1/item/51
2026-09-04 07:50:50 ERROR [worker-6] connection reset by peer (req=3850)
2026-09-04 07:51:57 INFO [worker-7] request served path=/api/v1/item/53
2026-09-04 07:52:04 INFO [worker-0] scheduled job finished path=/api/v1/item/54
2026-09-04 07:53:11 INFO [worker-1] request served path=/api/v1/item/55
2026-09-04 07:54:18 INFO [worker-2] request served path=/api/v1/item/56
2026-09-04 07:55:25 WARN [worker-3] slow response 1048ms
2026-09-04 07:56:32 INFO [worker-4] scheduled job finished path=/api/v1/item/58
2026-09-04 07:57:39 INFO [worker-5] scheduled job finished path=/api/v1/item/59
2026-09-04 07:58:46 INFO [worker-6] worker heartbeat path=/api/v1/item/60
2026-09-04 07:59:53 INFO [worker-7] cache hit path=/api/v1/item/61
2026-09-04 08:00:00 INFO [worker-0] request served path=/api/v1/item/62
2026-09-04 08:01:07 INFO [worker-1] cache hit path=/api/v1/item/63
2026-09-04 08:02:14 INFO [worker-2] cache hit path=/api/v1/item/64
2026-09-04 08:03:21 INFO [worker-3] request served path=/api/v1/item/65
2026-09-04 08:04:28 INFO [worker-4] cache miss path=/api/v1/item/66
2026-09-04 08:05:35 WARN [worker-5] slow response 1245ms
2026-09-04 08:06:42 INFO [worker-6] scheduled job finished path=/api/v1/item/68
2026-09-04 08:07:49 INFO [worker-7] cache miss path=/api/v1/item/69
2026-09-04 08:08:56 INFO [worker-0] cache hit path=/api/v1/item/70
2026-09-04 08:09:03 INFO [worker-1] cache miss path=/api/v1/item/71
2026-09-04 08:10:10 INFO [worker-2] worker heartbeat path=/api/v1/item/72
2026-09-04 08:11:17 INFO [worker-3] scheduled job finished path=/api/v1/item/73
2026-09-04 08:12:24 INFO [worker-4] cache miss path=/api/v1/item/74
2026-09-04 08:13:31 INFO [worker-5] cache hit path=/api/v1/item/75
2026-09-04 08:14:38 WARN [worker-6] slow response 2023ms
2026-09-04 08:15:45 INFO [worker-7] cache hit path=/api/v1/item/77
2026-09-04 08:16:52 INFO [worker-0] request served path=/api/v1/item/78
2026-09-04 08:17:59 INFO [worker-1] request served path=/api/v1/item/79
2026-09-04 08:18:06 INFO [worker-2] cache miss path=/api/v1/item/80
2026-09-04 08:19:13 INFO [worker-3] cache miss path=/api/v1/item/81
2026-09-04 08:20:20 INFO [worker-4] cache miss path=/api/v1/item/82
2026-09-04 08:21:27 INFO [worker-5] worker heartbeat path=/api/v1/item/83
2026-09-04 08:22:34 INFO [worker-6] scheduled job finished path=/api/v1/item/84
2026-09-04 08:23:41 WARN [worker-7] slow response 936ms
2026-09-04 08:24:48 WARN [worker-0] slow response 2146ms
2026-09-04 08:25:55 INFO [worker-1] cache hit path=/api/v1/item/87
2026-09-04 08:26:02 INFO [worker-2] request served path=/api/v1/item/88
2026-09-04 08:27:09 WARN [worker-3] slow response 2143ms
2026-09-04 08:28:16 WARN [worker-4] slow response 1511ms
2026-09-04 08:29:23 INFO [worker-5] request served path=/api/v1/item/91
2026-09-04 08:30:30 INFO [worker-6] worker heartbeat path=/api/v1/item/92
2026-09-04 08:31:37 INFO [worker-7] request served path=/api/v1/item/93
2026-09-04 08:32:44 ERROR [worker-0] connection reset by peer (req=5152)
2026-09-04 08:33:51 INFO [worker-1] worker heartbeat path=/api/v1/item/95
2026-09-04 08:34:58 INFO [worker-2] worker heartbeat path=/api/v1/item/96
2026-09-04 08:35:05 INFO [worker-3] cache hit path=/api/v1/item/0
2026-09-04 08:36:12 INFO [worker-4] request served path=/api/v1/item/1
2026-09-04 08:37:19 INFO [worker-5] cache miss path=/api/v1/item/2
2026-09-04 08:38:26 INFO [worker-6] request served path=/api/v1/item/3
2026-09-04 08:39:33 INFO [worker-7] cache miss path=/api/v1/item/4
2026-09-04 08:40:40 INFO [worker-0] cache hit path=/api/v1/item/5
2026-09-04 08:41:47 INFO [worker-1] worker heartbeat path=/api/v1/item/6
2026-09-04 08:42:54 INFO [worker-2] scheduled job finished path=/api/v1/item/7
2026-09-04 08:43:01 INFO [worker-3] request served path=/api/v1/item/8
2026-09-04 08:44:08 INFO [worker-4] scheduled job finished path=/api/v1/item/9
2026-09-04 08:45:15 INFO [worker-5] worker heartbeat path=/api/v1/item/10
2026-09-04 08:46:22 INFO [worker-6] cache miss path=/api/v1/item/11
2026-09-04 08:47:29 INFO [worker-7] cache hit path=/api/v1/item/12
2026-09-04 08:48:36 INFO [worker-0] cache hit path=/api/v1/item/13
2026-09-04 08:49:43 INFO [worker-1] cache hit path=/api/v1/item/14
2026-09-04 08:50:50 INFO [worker-2] worker heartbeat path=/api/v1/item/15
2026-09-04 08:51:57 INFO [worker-3] cache miss path=/api/v1/item/16
2026-09-04 08:52:04 INFO [worker-4] request served path=/api/v1/item/17
2026-09-04 08:53:11 INFO [worker-5] request served path=/api/v1/item/18
2026-09-04 08:54:18 INFO [worker-6] cache hit path=/api/v1/item/19
2026-09-04 08:55:25 INFO [worker-7] scheduled job finished path=/api/v1/item/20
2026-09-04 08:56:32 WARN [worker-0] slow response 1829ms
2026-09-04 08:57:39 INFO [worker-1] worker heartbeat path=/api/v1/item/22
2026-09-04 08:58:46 INFO [worker-2] scheduled job finished path=/api/v1/item/23
2026-09-04 08:59:53 INFO [worker-3] scheduled job finished path=/api/v1/item/24
2026-09-04 09:00:00 WARN [worker-4] slow response 1540ms
2026-09-04 09:01:07 INFO [worker-5] request served path=/api/v1/item/26
2026-09-04 09:02:14 INFO [worker-6] request served path=/api/v1/item/27
2026-09-04 09:03:21 INFO [worker-7] scheduled job finished path=/api/v1/item/28
2026-09-04 09:04:28 INFO [worker-0] cache miss path=/api/v1/item/29
2026-09-04 09:05:35 INFO [worker-1] cache hit path=/api/v1/item/30
2026-09-04 09:06:42 INFO [worker-2] request served path=/api/v1/item/31
2026-09-04 09:07:49 INFO [worker-3] worker heartbeat path=/api/v1/item/32
2026-09-04 09:08:56 INFO [worker-4] request served path=/api/v1/item/33
2026-09-04 09:09:03 WARN [worker-5] slow response 1406ms
2026-09-04 09:10:10 INFO [worker-6] cache hit path=/api/v1/item/35
2026-09-04 09:11:17 INFO [worker-7] scheduled job finished path=/api/v1/item/36
2026-09-04 09:12:24 INFO [worker-0] worker heartbeat path=/api/v1/item/37
2026-09-04 09:13:31 INFO [worker-1] cache miss path=/api/v1/item/38
2026-09-04 09:14:38 INFO [worker-2] cache hit path=/api/v1/item/39
2026-09-04 09:15:45 ERROR [worker-3] timeout waiting for upstream (req=6485)
2026-09-04 09:16:52 INFO [worker-4] worker heartbeat path=/api/v1/item/41
2026-09-04 09:17:59 INFO [worker-5] worker heartbeat path=/api/v1/item/42
2026-09-04 09:18:06 INFO [worker-6] scheduled job finished path=/api/v1/item/43
2026-09-04 09:19:13 INFO [worker-7] cache hit path=/api/v1/item/44
2026-09-04 09:20:20 INFO [worker-0] scheduled job finished path=/api/v1/item/45
2026-09-04 09:21:27 INFO [worker-1] worker heartbeat path=/api/v1/item/46
2026-09-04 09:22:34 INFO [worker-2] worker heartbeat path=/api/v1/item/47
2026-09-04 09:23:41 INFO [worker-3] worker heartbeat path=/api/v1/item/48
2026-09-04 09:24:48 INFO [worker-4] request served path=/api/v1/item/49
2026-09-04 09:25:55 INFO [worker-5] scheduled job finished path=/api/v1/item/50
2026-09-04 09:26:02 INFO [worker-6] request served path=/api/v1/item/51
2026-09-04 09:27:09 INFO [worker-7] request served path=/api/v1/item/52
2026-09-04 09:28:16 INFO [worker-0] request served path=/api/v1/item/53
2026-09-04 09:29:23 INFO [worker-1] cache hit path=/api/v1/item/54
2026-09-04 09:30:30 INFO [worker-2] cache miss path=/api/v1/item/55
2026-09-04 09:31:37 INFO [worker-3] scheduled job finished path=/api/v1/item/56
2026-09-04 09:32:44 INFO [worker-4] request served path=/api/v1/item/57
2026-09-04 09:33:51 ERROR [worker-5] connection reset by peer (req=7043)
2026-09-04 09:34:58 INFO [worker-6] request served path=/api/v1/item/59
2026-09-04 09:35:05 INFO [worker-7] scheduled job finished path=/api/v1/item/60
2026-09-04 09:36:12 INFO [worker-0] cache miss path=/api/v1/item/61
2026-09-04 09:37:19 INFO [worker-1] cache hit path=/api/v1/item/62
2026-09-04 09:38:26 INFO [worker-2] worker heartbeat path=/api/v1/item/63
2026-09-04 09:39:33 INFO [worker-3] request served path=/api/v1/item/64
2026-09-04 09:40:40 ERROR [worker-4] connection reset by peer (req=7260)
2026-09-04 09:41:47 INFO [worker-5] worker heartbeat path=/api/v1/item/66
2026-09-04 09:42:54 INFO [worker-6] cache miss path=/api/v1/item/67
2026-09-04 09:43:01 INFO [worker-7] cache hit path=/api/v1/item/68
2026-09-04 09:44:08 INFO [worker-0] worker heartbeat path=/api/v1/item/69
2026-09-04 09:45:15 WARN [worker-1] slow response 2356ms
2026-09-04 09:46:22 INFO [worker-2] cache miss path=/api/v1/item/71
2026-09-04 09:47:29 INFO [worker-3] cache hit path=/api/v1/item/72
2026-09-04 09:48:36 INFO [worker-4] worker heartbeat path=/api/v1/item/73
2026-09-04 09:49:43 INFO [worker-5] request served path=/api/v1/item/74
2026-09-04 09:50:50 WARN [worker-6] slow response 1985ms
2026-09-04 09:51:57 INFO [worker-7] scheduled job finished path=/api/v1/item/76
2026-09-04 09:52:04 INFO [worker-0] request served path=/api/v1/item/77
2026-09-04 09:53:11 INFO [worker-1] worker heartbeat path=/api/v1/item/78
2026-09-04 09:54:18 INFO [worker-2] cache miss path=/api/v1/item/79
2026-09-04 09:55:25 ERROR [worker-3] connection reset by peer (req=7725)
2026-09-04 09:56:32 INFO [worker-4] cache miss path=/api/v1/item/81
2026-09-04 09:57:39 INFO [worker-5] cache hit path=/api/v1/item/82
2026-09-04 09:58:46 INFO [worker-6] cache hit path=/api/v1/item/83
2026-09-04 09:59:53 INFO [worker-7] cache miss path=/api/v1/item/84
2026-09-04 10:00:00 INFO [worker-0] worker heartbeat path=/api/v1/item/85
2026-09-04 10:01:07 INFO [worker-1] worker heartbeat path=/api/v1/item/86
2026-09-04 10:02:14 WARN [worker-2] slow response 540ms
2026-09-04 10:03:21 INFO [worker-3] request served path=/api/v1/item/88
2026-09-04 10:04:28 INFO [worker-4] worker heartbeat path=/api/v1/item/89
2026-09-04 10:05:35 INFO [worker-5] cache miss path=/api/v1/item/90
2026-09-04 10:06:42 INFO [worker-6] worker heartbeat path=/api/v1/item/91
2026-09-04 10:07:49 INFO [worker-7] scheduled job finished path=/api/v1/item/92
2026-09-04 10:08:56 INFO [worker-0] cache hit path=/api/v1/item/93
2026-09-04 10:09:03 INFO [worker-1] request served path=/api/v1/item/94
2026-09-04 10:10:10 INFO [worker-2] cache hit path=/api/v1/item/95
2026-09-04 10:11:17 INFO [worker-3] request served path=/api/v1/item/96
2026-09-04 10:12:24 INFO [worker-4] cache miss path=/api/v1/item/0
2026-09-04 10:13:31 INFO [worker-5] cache hit path=/api/v1/item/1
2026-09-04 10:14:38 INFO [worker-6] worker heartbeat path=/api/v1/item/2
2026-09-04 10:15:45 INFO [worker-7] scheduled job finished path=/api/v1/item/3
2026-09-04 10:16:52 INFO [worker-0] cache hit path=/api/v1/item/4
2026-09-04 10:17:59 INFO [worker-1] worker heartbeat path=/api/v1/item/5
2026-09-04 10:18:06 INFO [worker-2] cache hit path=/api/v1/item/6
2026-09-04 10:19:13 INFO [worker-3] worker heartbeat path=/api/v1/item/7
2026-09-04 10:20:20 INFO [worker-4] request served path=/api/v1/item/8
2026-09-04 10:21:27 INFO [worker-5] cache hit path=/api/v1/item/9
2026-09-04 10:22:34 INFO [worker-6] cache hit path=/api/v1/item/10
2026-09-04 10:23:41 INFO [worker-7] cache miss path=/api/v1/item/11
2026-09-04 10:24:48 WARN [worker-0] slow response 2912ms
2026-09-04 10:25:55 WARN [worker-1] slow response 894ms
2026-09-04 10:26:02 INFO [worker-2] scheduled job finished path=/api/v1/item/14
2026-09-04 10:27:09 INFO [worker-3] worker heartbeat path=/api/v1/item/15
2026-09-04 10:28:16 INFO [worker-4] cache miss path=/api/v1/item/16
2026-09-04 10:29:23 INFO [worker-5] scheduled job finished path=/api/v1/item/17
2026-09-04 10:30:30 INFO [worker-6] request served path=/api/v1/item/18
2026-09-04 10:31:37 INFO [worker-7] cache hit path=/api/v1/item/19
2026-09-04 10:32:44 INFO [worker-0] cache hit path=/api/v1/item/20
2026-09-04 10:33:51 INFO [worker-1] cache miss path=/api/v1/item/21
2026-09-04 10:34:58 INFO [worker-2] request served path=/api/v1/item/22
2026-09-04 10:35:05 INFO [worker-3] cache miss path=/api/v1/item/23
2026-09-04 10:36:12 INFO [worker-4] scheduled job finished path=/api/v1/item/24
2026-09-04 10:37:19 INFO [worker-5] cache miss path=/api/v1/item/25
2026-09-04 10:38:26 WARN [worker-6] slow response 1996ms
2026-09-04 10:39:33 WARN [worker-7] slow response 2004ms
2026-09-04 10:40:40 INFO [worker-0] scheduled job finished path=/api/v1/item/28
2026-09-04 10:41:47 WARN [worker-1] slow response 1524ms
2026-09-04 10:42:54 WARN [worker-2] slow response 2327ms
2026-09-04 10:43:01 INFO [worker-3] cache miss path=/api/v1/item/31
2026-09-04 10:44:08 INFO [worker-4] request served path=/api/v1/item/32
2026-09-04 10:45:15 INFO [worker-5] scheduled job finished path=/api/v1/item/33
2026-09-04 10:46:22 INFO [worker-6] scheduled job finished path=/api/v1/item/34
2026-09-04 10:47:29 WARN [worker-7] slow response 2543ms
2026-09-04 10:48:36 INFO [worker-0] cache hit path=/api/v1/item/36
2026-09-04 10:49:43 INFO [worker-1] cache miss path=/api/v1/item/37
2026-09-04 10:50:50 INFO [worker-2] request served path=/api/v1/item/38
2026-09-04 10:51:57 INFO [worker-3] cache hit path=/api/v1/item/39
2026-09-04 10:52:04 INFO [worker-4] request served path=/api/v1/item/40
2026-09-04 10:53:11 WARN [worker-5] slow response 2644ms
2026-09-04 10:54:18 INFO [worker-6] scheduled job finished path=/api/v1/item/42
2026-09-04 10:55:25 INFO [worker-7] worker heartbeat path=/api/v1/item/43
2026-09-04 10:56:32 INFO [worker-0] worker heartbeat path=/api/v1/item/44
2026-09-04 10:57:39 INFO [worker-1] request served path=/api/v1/item/45
2026-09-04 10:58:46 WARN [worker-2] slow response 1444ms
2026-09-04 10:59:53 INFO [worker-3] worker heartbeat path=/api/v1/item/47
2026-09-04 11:00:00 WARN [worker-4] slow response 1907ms
2026-09-04 11:01:07 ERROR [worker-5] connection reset by peer (req=9771)
2026-09-04 11:02:14 WARN [worker-6] slow response 1109ms
2026-09-04 11:03:21 INFO [worker-7] cache hit path=/api/v1/item/51
2026-09-04 11:04:28 INFO [worker-0] request served path=/api/v1/item/52
2026-09-04 11:05:35 INFO [worker-1] cache hit path=/api/v1/item/53
2026-09-04 11:06:42 INFO [worker-2] cache hit path=/api/v1/item/54
2026-09-04 11:07:49 INFO [worker-3] scheduled job finished path=/api/v1/item/55
2026-09-04 11:08:56 INFO [worker-4] worker heartbeat path=/api/v1/item/56
2026-09-04 11:09:03 ERROR [worker-5] timeout waiting for upstream (req=10019)
2026-09-04 11:10:10 INFO [worker-6] cache hit path=/api/v1/item/58
2026-09-04 11:11:17 INFO [worker-7] cache miss path=/api/v1/item/59
2026-09-04 11:12:24 ERROR [worker-0] timeout waiting for upstream (req=10112)
2026-09-04 11:13:31 INFO [worker-1] cache hit path=/api/v1/item/61
2026-09-04 11:14:38 INFO [worker-2] request served path=/api/v1/item/62
2026-09-04 11:15:45 INFO [worker-3] worker heartbeat path=/api/v1/item/63
2026-09-04 11:16:52 INFO [worker-4] cache hit path=/api/v1/item/64
2026-09-04 11:17:59 INFO [worker-5] request served path=/api/v1/item/65
2026-09-04 11:18:06 INFO [worker-6] cache hit path=/api/v1/item/66
2026-09-04 11:19:13 WARN [worker-7] slow response 2788ms
2026-09-04 11:20:20 INFO [worker-0] cache miss path=/api/v1/item/68
2026-09-04 11:21:27 INFO [worker-1] request served path=/api/v1/item/69
2026-09-04 11:22:34 INFO [worker-2] scheduled job finished path=/api/v1/item/70
2026-09-04 11:23:41 ERROR [worker-3] disk quota exceeded (req=10453)
2026-09-04 11:24:48 INFO [worker-4] worker heartbeat path=/api/v1/item/72
2026-09-04 11:25:55 INFO [worker-5] cache miss path=/api/v1/item/73
2026-09-04 11:26:02 INFO [worker-6] scheduled job finished path=/api/v1/item/74
2026-09-04 11:27:09 INFO [worker-7] cache hit path=/api/v1/item/75
2026-09-04 11:28:16 INFO [worker-0] request served path=/api/v1/item/76
2026-09-04 11:29:23 INFO [worker-1] cache miss path=/api/v1/item/77
2026-09-04 11:30:30 INFO [worker-2] worker heartbeat path=/api/v1/item/78
2026-09-04 11:31:37 WARN [worker-3] slow response 760ms
2026-09-04 11:32:44 INFO [worker-4] request served path=/api/v1/item/80
2026-09-04 11:33:51 INFO [worker-5] request served path=/api/v1/item/81
2026-09-04 11:34:58 INFO [worker-6] request served path=/api/v1/item/82
2026-09-04 11:35:05 INFO [worker-7] worker heartbeat path=/api/v1/item/83
2026-09-04 11:36:12 INFO [worker-0] scheduled job finished path=/api/v1/item/84
2026-09-04 11:37:19 INFO [worker-1] cache miss path=/api/v1/item/85
2026-09-04 11:38:26 INFO [worker-2] request served path=/api/v1/item/86
2026-09-04 11:39:33 INFO [worker-3] scheduled job finished path=/api/v1/item/87
2026-09-04 11:40:40 INFO [worker-4] request served path=/api/v1/item/88
2026-09-04 11:41:47 INFO [worker-5] worker heartbeat path=/api/v1/item/89
2026-09-04 11:42:54 INFO [worker-6] cache hit path=/api/v1/item/90
2026-09-04 11:43:01 INFO [worker-7] request served path=/api/v1/item/91
2026-09-04 11:44:08 INFO [worker-0] scheduled job finished path=/api/v1/item/92
2026-09-04 11:45:15 INFO [worker-1] worker heartbeat path=/api/v1/item/93
2026-09-04 11:46:22 INFO [worker-2] request served path=/api/v1/item/94
2026-09-04 11:47:29 INFO [worker-3] request served path=/api/v1/item/95
2026-09-04 11:48:36 INFO [worker-4] request served path=/api/v1/item/96
2026-09-04 11:49:43 INFO [worker-5] scheduled job finished path=/api/v1/item/0
2026-09-04 11:50:50 INFO [worker-6] request served path=/api/v1/item/1
2026-09-04 11:51:57 INFO [worker-7] cache hit path=/api/v1/item/2
2026-09-04 11:52:04 INFO [worker-0] worker heartbeat path=/api/v1/item/3
2026-09-04 11:53:11 WARN [worker-1] slow response 2598ms
2026-09-04 11:54:18 INFO [worker-2] cache hit path=/api/v1/item/5
2026-09-04 11:55:25 INFO [worker-3] worker heartbeat path=/api/v1/item/6
2026-09-04 11:56:32 INFO [worker-4] request served path=/api/v1/item/7
2026-09-04 11:57:39 INFO [worker-5] worker heartbeat path=/api/v1/item/8
2026-09-04 11:58:46 INFO [worker-6] cache miss path=/api/v1/item/9
2026-09-04 11:59:53 INFO [worker-7] scheduled job finished path=/api/v1/item/10
2026-09-04 12:00:00 INFO [worker-0] cache hit path=/api/v1/item/11
2026-09-04 12:01:07 INFO [worker-1] cache hit path=/api/v1/item/12
2026-09-04 12:02:14 WARN [worker-2] slow response 877ms
2026-09-04 12:03:21 INFO [worker-3] cache miss path=/api/v1/item/14
2026-09-04 12:04:28 INFO [worker-4] request served path=/api/v1/item/15
2026-09-04 12:05:35 INFO [worker-5] request served path=/api/v1/item/16
2026-09-04 12:06:42 WARN [worker-6] slow response 2456ms
2026-09-04 12:07:49 INFO [worker-7] cache hit path=/api/v1/item/18
2026-09-04 12:08:56 INFO [worker-0] cache miss path=/api/v1/item/19
2026-09-04 12:09:03 INFO [worker-1] cache hit path=/api/v1/item/20
2026-09-04 12:10:10 WARN [worker-2] slow response 2938ms
2026-09-04 12:11:17 INFO [worker-3] worker heartbeat path=/api/v1/item/22
2026-09-04 12:12:24 WARN [worker-4] slow response 1909ms
2026-09-04 12:13:31 INFO [worker-5] cache hit path=/api/v1/item/24
2026-09-04 12:14:38 INFO [worker-6] request served path=/api/v1/item/25
2026-09-04 12:15:45 INFO [worker-7] worker heartbeat path=/api/v1/item/26
2026-09-04 12:16:52 WARN [worker-0] slow response 1869ms
2026-09-04 12:17:59 INFO [worker-1] scheduled job finished path=/api/v1/item/28
2026-09-04 12:18:06 INFO [worker-2] cache hit path=/api/v1/item/29
2026-09-04 12:19:13 INFO [worker-3] request served path=/api/v1/item/30
2026-09-04 12:20:20 INFO [worker-4] scheduled job finished path=/api/v1/item/31
2026-09-04 12:21:27 ERROR [worker-5] timeout waiting for upstream (req=12251)
2026-09-04 12:22:34 INFO [worker-6] request served path=/api/v1/item/33
2026-09-04 12:23:41 WARN [worker-7] slow response 2244ms
2026-09-04 12:24:48 INFO [worker-0] request served path=/api/v1/item/35
2026-09-04 12:25:55 INFO [worker-1] scheduled job finished path=/api/v1/item/36
2026-09-04 12:26:02 INFO [worker-2] scheduled job finished path=/api/v1/item/37
2026-09-04 12:27:09 INFO [worker-3] worker heartbeat path=/api/v1/item/38
2026-09-04 12:28:16 INFO [worker-4] cache miss path=/api/v1/item/39
2026-09-04 12:29:23 INFO [worker-5] request served path=/api/v1/item/40
2026-09-04 12:30:30 INFO [worker-6] cache miss path=/api/v1/item/41
2026-09-04 12:31:37 INFO [worker-7] worker heartbeat path=/api/v1/item/42
2026-09-04 12:32:44 INFO [worker-0] cache hit path=/api/v1/item/43
2026-09-04 12:33:51 INFO [worker-1] cache miss path=/api/v1/item/44
2026-09-04 12:34:58 ERROR [worker-2] timeout waiting for upstream (req=12654)
2026-09-04 12:35:05 WARN [worker-3] slow response 710ms
2026-09-04 12:36:12 INFO [worker-4] cache miss path=/api/v1/item/47
2026-09-04 12:37:19 INFO [worker-5] cache miss path=/api/v1/item/48
2026-09-04 12:38:26 INFO [worker-6] cache hit path=/api/v1/item/49
2026-09-04 12:39:33 INFO [worker-7] cache hit path=/api/v1/item/50
2026-09-04 12:40:40 INFO [worker-0] worker heartbeat path=/api/v1/item/51
2026-09-04 12:41:47 INFO [worker-1] request served path=/api/v1/item/52
2026-09-04 12:42:54 INFO [worker-2] cache miss path=/api/v1/item/53
2026-09-04 12:43:01 WARN [worker-3] slow response 2931ms
2026-09-04 12:44:08 INFO [worker-4] worker heartbeat path=/api/v1/item/55
2026-09-04 12:45:15 INFO [worker-5] request served path=/api/v1/item/56
2026-09-04 12:46:22 INFO [worker-6] cache hit path=/api/v1/item/57
2026-09-04 12:47:29 ERROR [worker-7] invalid session token (req=13057)
2026-09-04 12:48:36 INFO [worker-0] worker heartbeat path=/api/v1/item/59
2026-09-04 12:49:43 INFO [worker-1] scheduled job finished path=/api/v1/item/60
2026-09-04 12:50:50 WARN [worker-2] slow response 2910ms
2026-09-04 12:51:57 ERROR [worker-3] connection reset by peer (req=13181)
2026-09-04 12:52:04 INFO [worker-4] request served path=/api/v1/item/63
2026-09-04 12:53:11 INFO [worker-5] worker heartbeat path=/api/v1/item/64
2026-09-04 12:54:18 INFO [worker-6] scheduled job finished path=/api/v1/item/65
2026-09-04 12:55:25 INFO [worker-7] request served path=/api/v1/item/66
2026-09-04 12:56:32 INFO [worker-0] cache hit path=/api/v1/item/67
2026-09-04 12:57:39 INFO [worker-1] scheduled job finished path=/api/v1/item/68
2026-09-04 12:58:46 INFO [worker-2] request served path=/api/v1/item/69
2026-09-04 12:59:53 INFO [worker-3] scheduled job finished path=/api/v1/item/70
2026-09-04 13:00:00 ERROR [worker-4] connection reset by peer (req=13460)
2026-09-04 13:01:07 INFO [worker-5] cache hit path=/api/v1/item/72
2026-09-04 13:02:14 INFO [worker-6] cache miss path=/api/v1/item/73
2026-09-04 13:03:21 INFO [worker-7] worker heartbeat path=/api/v1/item/74
2026-09-04 13:04:28 WARN [worker-0] slow response 2795ms
2026-09-04 13:05:35 INFO [worker-1] cache miss path=/api/v1/item/76
2026-09-04 13:06:42 INFO [worker-2] cache hit path=/api/v1/item/77
2026-09-04 13:07:49 INFO [worker-3] scheduled job finished path=/api/v1/item/78
2026-09-04 13:08:56 INFO [worker-4] scheduled job finished path=/api/v1/item/79
2026-09-04 13:09:03 INFO [worker-5] worker heartbeat path=/api/v1/item/80
2026-09-04 13:10:10 INFO [worker-6] cache hit path=/api/v1/item/81
2026-09-04 13:11:17 INFO [worker-7] worker heartbeat path=/api/v1/item/82
2026-09-04 13:12:24 INFO [worker-0] scheduled job finished path=/api/v1/item/83
2026-09-04 13:13:31 WARN [worker-1] slow response 1287ms
2026-09-04 13:14:38 INFO [worker-2] cache hit path=/api/v1/item/85
2026-09-04 13:15:45 INFO [worker-3] cache hit path=/api/v1/item/86
2026-09-04 13:16:52 INFO [worker-4] cache miss path=/api/v1/item/87
2026-09-04 13:17:59 INFO [worker-5] worker heartbeat path=/api/v1/item/88
2026-09-04 13:18:06 INFO [worker-6] cache hit path=/api/v1/item/89
2026-09-04 13:19:13 INFO [worker-7] request served path=/api/v1/item/90
2026-09-04 13:20:20 INFO [worker-0] cache miss path=/api/v1/item/91
2026-09-04 13:21:27 WARN [worker-1] slow response 2651ms
2026-09-04 13:22:34 INFO [worker-2] cache hit path=/api/v1/item/93
2026-09-04 13:23:41 INFO [worker-3] cache miss path=/api/v1/item/94
2026-09-04 13:24:48 INFO [worker-4] cache hit path=/api/v1/item/95
2026-09-04 13:25:55 INFO [worker-5] cache miss path=/api/v1/item/96
2026-09-04 13:26:02 INFO [worker-6] worker heartbeat path=/api/v1/item/0
2026-09-04 13:27:09 INFO [worker-7] scheduled job finished path=/api/v1/item/1
2026-09-04 13:28:16 INFO [worker-0] cache hit path=/api/v1/item/2
2026-09-04 13:29:23 INFO [worker-1] scheduled job finished path=/api/v1/item/3
2026-09-04 13:30:30 INFO [worker-2] worker heartbeat path=/api/v1/item/4
2026-09-04 13:31:37 WARN [worker-3] slow response 1564ms
2026-09-04 13:32:44 WARN [worker-4] slow response 946ms
2026-09-04 13:33:51 INFO [worker-5] scheduled job finished path=/api/v1/item/7
2026-09-04 13:34:58 INFO [worker-6] scheduled job finished path=/api/v1/item/8
2026-09-04 13:35:05 INFO [worker-7] cache miss path=/api/v1/item/9
2026-09-04 13:36:12 INFO [worker-0] cache miss path=/api/v1/item/10
2026-09-04 13:37:19 INFO [worker-1] request served path=/api/v1/item/11
2026-09-04 13:38:26 INFO [worker-2] scheduled job finished path=/api/v1/item/12
2026-09-04 13:39:33 INFO [worker-3] request served path=/api/v1/item/13
2026-09-04 13:40:40 INFO [worker-4] request served path=/api/v1/item/14
2026-09-04 13:41:47 WARN [worker-5] slow response 1557ms
2026-09-04 13:42:54 INFO [worker-6] request served path=/api/v1/item/16
2026-09-04 13:43:01 INFO [worker-7] scheduled job finished path=/api/v1/item/17
2026-09-04 13:44:08 INFO [worker-0] cache hit path=/api/v1/item/18
2026-09-04 13:45:15 INFO [worker-1] scheduled job finished path=/api/v1/item/19
2026-09-04 13:46:22 INFO [worker-2] cache miss path=/api/v1/item/20
2026-09-04 13:47:29 INFO [worker-3] cache miss path=/api/v1/item/21
2026-09-04 13:48:36 INFO [worker-4] request served path=/api/v1/item/22
2026-09-04 13:49:43 INFO [worker-5] cache miss path=/api/v1/item/23
2026-09-04 13:50:50 INFO [worker-6] scheduled job finished path=/api/v1/item/24
2026-09-04 13:51:57 INFO [worker-7] request served path=/api/v1/item/25
2026-09-04 13:52:04 INFO [worker-0] scheduled job finished path=/api/v1/item/26
2026-09-04 13:53:11 INFO [worker-1] cache miss path=/api/v1/item/27
2026-09-04 13:54:18 INFO [worker-2] cache miss path=/api/v1/item/28
2026-09-04 13:55:25 INFO [worker-3] cache hit path=/api/v1/item/29
2026-09-04 13:56:32 INFO [worker-4] request served path=/api/v1/item/30
2026-09-04 13:57:39 WARN [worker-5] slow response 2064ms
2026-09-04 13:58:46 INFO [worker-6] cache hit path=/api/v1/item/32
2026-09-04 13:59:53 INFO [worker-7] cache miss path=/api/v1/item/33
2026-09-04 14:00:00 INFO [worker-0] cache hit path=/api/v1/item/34
2026-09-04 14:01:07 INFO [worker-1] scheduled job finished path=/api/v1/item/35
2026-09-04 14:02:14 INFO [worker-2] cache hit path=/api/v1/item/36
2026-09-04 14:03:21 INFO [worker-3] request served path=/api/v1/item/37
2026-09-04 14:04:28 INFO [worker-4] request served path=/api/v1/item/38
2026-09-04 14:05:35 INFO [worker-5] scheduled job finished path=/api/v1/item/39
2026-09-04 14:06:42 INFO [worker-6] cache hit path=/api/v1/item/40
2026-09-04 14:07:49 INFO [worker-7] worker heartbeat path=/api/v1/item/41
2026-09-04 14:08:56 INFO [worker-0] worker heartbeat path=/api/v1/item/42
2026-09-04 14:09:03 WARN [worker-1] slow response 2025ms
2026-09-04 14:10:10 INFO [worker-2] request served path=/api/v1/item/44
2026-09-04 14:11:17 INFO [worker-3] cache hit path=/api/v1/item/45
2026-09-04 14:12:24 ERROR [worker-4] connection reset by peer (req=15692)
2026-09-04 14:13:31 WARN [worker-5] slow response 1746ms
2026-09-04 14:14:38 INFO [worker-6] request served path=/api/v1/item/48
2026-09-04 14:15:45 INFO [worker-7] cache hit path=/api/v1/item/49
2026-09-04 14:16:52 INFO [worker-0] worker heartbeat path=/api/v1/item/50
2026-09-04 14:17:59 INFO [worker-1] scheduled job finished path=/api/v1/item/51
2026-09-04 14:18:06 INFO [worker-2] cache miss path=/api/v1/item/52
2026-09-04 14:19:13 WARN [worker-3] slow response 2339ms
2026-09-04 14:20:20 WARN [worker-4] slow response 2148ms
2026-09-04 14:21:27 WARN [worker-5] slow response 1741ms
2026-09-04 14:22:34 INFO [worker-6] scheduled job finished path=/api/v1/item/56
2026-09-04 14:23:41 INFO [worker-7] cache hit path=/api/v1/item/57
2026-09-04 14:24:48 INFO [worker-0] request served path=/api/v1/item/58
2026-09-04 14:25:55 INFO [worker-1] scheduled job finished path=/api/v1/item/59
2026-09-04 14:26:02 INFO [worker-2] request served path=/api/v1/item/60
2026-09-04 14:27:09 INFO [worker-3] scheduled job finished path=/api/v1/item/61
2026-09-04 14:28:16 INFO [worker-4] scheduled job finished path=/api/v1/item/62
2026-09-04 14:29:23 INFO [worker-5] scheduled job finished path=/api/v1/item/63
2026-09-04 14:30:30 INFO [worker-6] request served path=/api/v1/item/64
2026-09-04 14:31:37 WARN [worker-7] slow response 1844ms
2026-09-04 14:32:44 INFO [worker-0] worker heartbeat path=/api/v1/item/66
2026-09-04 14:33:51 ERROR [worker-1] connection reset by peer (req=16343)
2026-09-04 14:34:58 WARN [worker-2] slow response 2226ms
2026-09-04 14:35:05 INFO [worker-3] cache miss path=/api/v1/item/69
2026-09-04 14:36:12 INFO [worker-4] cache hit path=/api/v1/item/70
2026-09-04 14:37:19 INFO [worker-5] cache miss path=/api/v1/item/71
2026-09-04 14:38:26 INFO [worker-6] cache miss path=/api/v1/item/72
2026-09-04 14:39:33 INFO [worker-7] cache hit path=/api/v1/item/73
2026-09-04 14:40:40 INFO [worker-0] worker heartbeat path=/api/v1/item/74
2026-09-04 14:41:47 INFO [worker-1] request served path=/api/v1/item/75
2026-09-04 14:42:54 INFO [worker-2] cache miss path=/api/v1/item/76
2026-09-04 14:43:01 INFO [worker-3] request served path=/api/v1/item/77
2026-09-04 14:44:08 INFO [worker-4] request served path=/api/v1/item/78
2026-09-04 14:45:15 INFO [worker-5] scheduled job finished path=/api/v1/item/79
2026-09-04 14:46:22 INFO [worker-6] cache miss path=/api/v1/item/80
2026-09-04 14:47:29 INFO [worker-7] scheduled job finished path=/api/v1/item/81
2026-09-04 14:48:36 INFO [worker-0] worker heartbeat path=/api/v1/item/82
2026-09-04 14:49:43 INFO [worker-1] request served path=/api/v1/item/83
2026-09-04 14:50:50 INFO [worker-2] cache miss path=/api/v1/item/84
2026-09-04 14:51:57 INFO [worker-3] cache hit path=/api/v1/item/85
2026-09-04 14:52:04 INFO [worker-4] worker heartbeat path=/api/v1/item/86
2026-09-04 14:53:11 ERROR [worker-5] invalid session token (req=16963)
2026-09-04 14:54:18 INFO [worker-6] scheduled job finished path=/api/v1/item/88
2026-09-04 14:55:25 INFO [worker-7] cache hit path=/api/v1/item/89
2026-09-04 14:56:32 INFO [worker-0] scheduled job finished path=/api/v1/item/90
2026-09-04 14:57:39 INFO [worker-1] cache hit path=/api/v1/item/91
2026-09-04 14:58:46 INFO [worker-2] request served path=/api/v1/item/92
2026-09-04 14:59:53 INFO [worker-3] worker heartbeat path=/api/v1/item/93
2026-09-04 15:00:00 INFO [worker-4] request served path=/api/v1/item/94
2026-09-04 15:01:07 INFO [worker-5] request served path=/api/v1/item/95
2026-09-04 15:02:14 INFO [worker-6] cache hit path=/api/v1/item/96
2026-09-04 15:03:21 INFO [worker-7] cache hit path=/api/v1/item/0
2026-09-04 15:04:28 INFO [worker-0] cache hit path=/api/v1/item/1
2026-09-04 15:05:35 WARN [worker-1] slow response 2660ms
2026-09-04 15:06:42 INFO [worker-2] scheduled job finished path=/api/v1/item/3
2026-09-04 15:07:49 INFO [worker-3] worker heartbeat path=/api/v1/item/4
2026-09-04 15:08:56 INFO [worker-4] request served path=/api/v1/item/5
2026-09-04 15:09:03 INFO [worker-5] cache hit path=/api/v1/item/6
2026-09-04 15:10:10 INFO [worker-6] cache miss path=/api/v1/item/7
2026-09-04 15:11:17 INFO [worker-7] worker heartbeat path=/api/v1/item/8
2026-09-04 15:12:24 INFO [worker-0] request served path=/api/v1/item/9
2026-09-04 15:13:31 INFO [worker-1] cache hit path=/api/v1/item/10
2026-09-04 15:14:38 INFO [worker-2] worker heartbeat path=/api/v1/item/11
2026-09-04 15:15:45 WARN [worker-3] slow response 2955ms
2026-09-04 15:16:52 INFO [worker-4] scheduled job finished path=/api/v1/item/13
2026-09-04 15:17:59 INFO [worker-5] request served path=/api/v1/item/14
2026-09-04 15:18:06 INFO [worker-6] worker heartbeat path=/api/v1/item/15
2026-09-04 15:19:13 INFO [worker-7] scheduled job finished path=/api/v1/item/16
2026-09-04 15:20:20 WARN [worker-0] slow response 1883ms
2026-09-04 15:21:27 INFO [worker-1] worker heartbeat path=/api/v1/item/18
2026-09-04 15:22:34 INFO [worker-2] request served path=/api/v1/item/19
2026-09-04 15:23:41 INFO [worker-3] request served path=/api/v1/item/20
2026-09-04 15:24:48 INFO [worker-4] worker heartbeat path=/api/v1/item/21
2026-09-04 15:25:55 ERROR [worker-5] timeout waiting for upstream (req=17955)
2026-09-04 15:26:02 INFO [worker-6] cache miss path=/api/v1/item/23
2026-09-04 15:27:09 INFO [worker-7] request served path=/api/v1/item/24
2026-09-04 15:28:16 INFO [worker-0] scheduled job finished path=/api/v1/item/25
2026-09-04 15:29:23 INFO [worker-1] scheduled job finished path=/api/v1/item/26
2026-09-04 15:30:30 INFO [worker-2] scheduled job finished path=/api/v1/item/27
2026-09-04 15:31:37 INFO [worker-3] scheduled job finished path=/api/v1/item/28
2026-09-04 15:32:44 INFO [worker-4] worker heartbeat path=/api/v1/item/29
2026-09-04 15:33:51 INFO [worker-5] cache hit path=/api/v1/item/30
2026-09-04 15:34:58 INFO [worker-6] request served path=/api/v1/item/31
2026-09-04 15:35:05 INFO [worker-7] scheduled job finished path=/api/v1/item/32
2026-09-04 15:36:12 INFO [worker-0] cache hit path=/api/v1/item/33
2026-09-04 15:37:19 INFO [worker-1] cache hit path=/api/v1/item/34
2026-09-04 15:38:26 INFO [worker-2] cache hit path=/api/v1/item/35
2026-09-04 15:39:33 INFO [worker-3] cache miss path=/api/v1/item/36
2026-09-04 15:40:40 ERROR [worker-4] connection reset by peer (req=18420)
2026-09-04 15:41:47 ERROR [worker-5] timeout waiting for upstream (req=18451)
2026-09-04 15:42:54 INFO [worker-6] scheduled job finished path=/api/v1/item/39
2026-09-04 15:43:01 INFO [worker-7] cache miss path=/api/v1/item/40
2026-09-04 15:44:08 INFO [worker-0] scheduled job finished path=/api/v1/item/41
2026-09-04 15:45:15 INFO [worker-1] cache hit path=/api/v1/item/42
2026-09-04 15:46:22 INFO [worker-2] worker heartbeat path=/api/v1/item/43
2026-09-04 15:47:29 INFO [worker-3] worker heartbeat path=/api/v1/item/44
2026-09-04 15:48:36 ERROR [worker-4] timeout waiting for upstream (req=18668)
2026-09-04 15:49:43 INFO [worker-5] cache hit path=/api/v1/item/46
2026-09-04 15:50:50 INFO [worker-6] scheduled job finished path=/api/v1/item/47
2026-09-04 15:51:57 INFO [worker-7] worker heartbeat path=/api/v1/item/48
2026-09-04 15:52:04 INFO [worker-0] cache hit path=/api/v1/item/49
2026-09-04 15:53:11 INFO [worker-1] scheduled job finished path=/api/v1/item/50
2026-09-04 15:54:18 INFO [worker-2] request served path=/api/v1/item/51
2026-09-04 15:55:25 INFO [worker-3] scheduled job finished path=/api/v1/item/52
2026-09-04 15:56:32 INFO [worker-4] cache miss path=/api/v1/item/53
2026-09-04 15:57:39 INFO [worker-5] request served path=/api/v1/item/54
2026-09-04 15:58:46 INFO [worker-6] cache miss path=/api/v1/item/55
2026-09-04 15:59:53 INFO [worker-7] cache miss path=/api/v1/item/56
2026-09-04 16:00:00 INFO [worker-0] cache hit path=/api/v1/item/57
2026-09-04 16:01:07 WARN [worker-1] slow response 594ms
2026-09-04 16:02:14 INFO [worker-2] request served path=/api/v1/item/59
2026-09-04 16:03:21 INFO [worker-3] cache miss path=/api/v1/item/60
2026-09-04 16:04:28 INFO [worker-4] scheduled job finished path=/api/v1/item/61
2026-09-04 16:05:35 WARN [worker-5] slow response 2028ms
2026-09-04 16:06:42 INFO [worker-6] worker heartbeat path=/api/v1/item/63
2026-09-04 16:07:49 INFO [worker-7] cache miss path=/api/v1/item/64
2026-09-04 16:08:56 INFO [worker-0] request served path=/api/v1/item/65
2026-09-04 16:09:03 ERROR [worker-1] timeout waiting for upstream (req=19319)
2026-09-04 16:10:10 INFO [worker-2] cache miss path=/api/v1/item/67
2026-09-04 16:11:17 ERROR [worker-3] timeout waiting for upstream (req=19381)
2026-09-04 16:12:24 INFO [worker-4] worker heartbeat path=/api/v1/item/69
2026-09-04 16:13:31 INFO [worker-5] cache miss path=/api/v1/item/70
2026-09-04 16:14:38 INFO [worker-6] request served path=/api/v1/item/71
2026-09-04 16:15:45 INFO [worker-7] request served path=/api/v1/item/72
2026-09-04 16:16:52 INFO [worker-0] cache miss path=/api/v1/item/73
2026-09-04 16:17:59 ERROR [worker-1] connection reset by peer (req=19567)
2026-09-04 16:18:06 ERROR [worker-2] timeout waiting for upstream (req=19598)
2026-09-04 16:19:13 INFO [worker-3] worker heartbeat path=/api/v1/item/76
2026-09-04 16:20:20 WARN [worker-4] slow response 1885ms
2026-09-04 16:21:27 ERROR [worker-5] timeout waiting for upstream (req=19691)
2026-09-04 16:22:34 INFO [worker-6] cache hit path=/api/v1/item/79
2026-09-04 16:23:41 INFO [worker-7] worker heartbeat path=/api/v1/item/80
2026-09-04 16:24:48 INFO [worker-0] cache hit path=/api/v1/item/81
2026-09-04 16:25:55 INFO [worker-1] scheduled job finished path=/api/v1/item/82
2026-09-04 16:26:02 INFO [worker-2] scheduled job finished path=/api/v1/item/83
2026-09-04 16:27:09 INFO [worker-3] worker heartbeat path=/api/v1/item/84
2026-09-04 16:28:16 INFO [worker-4] cache miss path=/api/v1/item/85
2026-09-04 16:29:23 INFO [worker-5] scheduled job finished path=/api/v1/item/86
2026-09-04 16:30:30 INFO [worker-6] cache hit path=/api/v1/item/87
2026-09-04 16:31:37 WARN [worker-7] slow response 600ms
2026-09-04 16:32:44 INFO [worker-0] scheduled job finished path=/api/v1/item/89
2026-09-04 16:33:51 ERROR [worker-1] invalid session token (req=20063)
2026-09-04 16:34:58 INFO [worker-2] cache miss path=/api/v1/item/91
2026-09-04 16:35:05 WARN [worker-3] slow response 2185ms
2026-09-04 16:36:12 INFO [worker-4] cache miss path=/api/v1/item/93
2026-09-04 16:37:19 INFO [worker-5] request served path=/api/v1/item/94
2026-09-04 16:38:26 INFO [worker-6] scheduled job finished path=/api/v1/item/95
2026-09-04 16:39:33 WARN [worker-7] slow response 1546ms
2026-09-04 16:40:40 INFO [worker-0] scheduled job finished path=/api/v1/item/0
2026-09-04 16:41:47 INFO [worker-1] cache hit path=/api/v1/item/1
2026-09-04 16:42:54 INFO [worker-2] request served path=/api/v1/item/2
2026-09-04 16:43:01 INFO [worker-3] cache miss path=/api/v1/item/3
2026-09-04 16:44:08 INFO [worker-4] request served path=/api/v1/item/4
2026-09-04 16:45:15 INFO [worker-5] cache hit path=/api/v1/item/5
2026-09-04 16:46:22 INFO [worker-6] request served path=/api/v1/item/6
2026-09-04 16:47:29 INFO [worker-7] cache hit path=/api/v1/item/7
2026-09-04 16:48:36 INFO [worker-0] cache hit path=/api/v1/item/8
2026-09-04 16:49:43 WARN [worker-1] slow response 1413ms
2026-09-04 16:50:50 WARN [worker-2] slow response 2894ms
2026-09-04 16:51:57 INFO [worker-3] cache miss path=/api/v1/item/11
2026-09-04 16:52:04 INFO [worker-4] worker heartbeat path=/api/v1/item/12
2026-09-04 16:53:11 INFO [worker-5] worker heartbeat path=/api/v1/item/13
2026-09-04 16:54:18 INFO [worker-6] cache hit path=/api/v1/item/14
2026-09-04 16:55:25 INFO [worker-7] worker heartbeat path=/api/v1/item/15
2026-09-04 16:56:32 WARN [worker-0] slow response 915ms
2026-09-04 16:57:39 INFO [worker-1] request served path=/api/v1/item/17
2026-09-04 16:58:46 INFO [worker-2] worker heartbeat path=/api/v1/item/18
2026-09-04 16:59:53 WARN [worker-3] slow response 1484ms
2026-09-04 17:00:00 INFO [worker-4] cache miss path=/api/v1/item/20
2026-09-04 17:01:07 INFO [worker-5] request served path=/api/v1/item/21
2026-09-04 17:02:14 INFO [worker-6] worker heartbeat path=/api/v1/item/22
2026-09-04 17:03:21 INFO [worker-7] worker heartbeat path=/api/v1/item/23
2026-09-04 17:04:28 INFO [worker-0] cache hit path=/api/v1/item/24
2026-09-04 17:05:35 INFO [worker-1] worker heartbeat path=/api/v1/item/25
2026-09-04 17:06:42 INFO [worker-2] worker heartbeat path=/api/v1/item/26
2026-09-04 17:07:49 INFO [worker-3] request served path=/api/v1/item/27
2026-09-04 17:08:56 INFO [worker-4] scheduled job finished path=/api/v1/item/28
2026-09-04 17:09:03 WARN [worker-5] slow response 2025ms
2026-09-04 17:10:10 INFO [worker-6] cache hit path=/api/v1/item/30
2026-09-04 17:11:17 INFO [worker-7] worker heartbeat path=/api/v1/item/31
2026-09-04 17:12:24 INFO [worker-0] worker heartbeat path=/api/v1/item/32
2026-09-04 17:13:31 INFO [worker-1] cache hit path=/api/v1/item/33
2026-09-04 17:14:38 INFO [worker-2] cache miss path=/api/v1/item/34
2026-09-04 17:15:45 INFO [worker-3] cache miss path=/api/v1/item/35
2026-09-04 17:16:52 ERROR [worker-4] connection reset by peer (req=21396)
2026-09-04 17:17:59 INFO [worker-5] worker heartbeat path=/api/v1/item/37
2026-09-04 17:18:06 INFO [worker-6] worker heartbeat path=/api/v1/item/38
2026-09-04 17:19:13 ERROR [worker-7] connection reset by peer (req=21489)
2026-09-04 17:20:20 ERROR [worker-0] connection reset by peer (req=21520)
2026-09-04 17:21:27 ERROR [worker-1] timeout waiting for upstream (req=21551)
2026-09-04 17:22:34 INFO [worker-2] cache hit path=/api/v1/item/42
2026-09-04 17:23:41 INFO [worker-3] cache miss path=/api/v1/item/43
2026-09-04 17:24:48 INFO [worker-4] cache hit path=/api/v1/item/44
2026-09-04 17:25:55 INFO [worker-5] scheduled job finished path=/api/v1/item/45
2026-09-04 17:26:02 WARN [worker-6] slow response 1577ms
2026-09-04 17:27:09 INFO [worker-7] request served path=/api/v1/item/47
2026-09-04 17:28:16 INFO [worker-0] cache miss path=/api/v1/item/48
2026-09-04 17:29:23 INFO [worker-1] scheduled job finished path=/api/v1/item/49
2026-09-04 17:30:30 ERROR [worker-2] timeout waiting for upstream (req=21830)
2026-09-04 17:31:37 ERROR [worker-3] timeout waiting for upstream (req=21861)
2026-09-04 17:32:44 INFO [worker-4] request served path=/api/v1/item/52
2026-09-04 17:33:51 INFO [worker-5] worker heartbeat path=/api/v1/item/53
2026-09-04 17:34:58 INFO [worker-6] worker heartbeat path=/api/v1/item/54
2026-09-04 17:35:05 INFO [worker-7] cache miss path=/api/v1/item/55
2026-09-04 17:36:12 INFO [worker-0] request served path=/api/v1/item/56
2026-09-04 17:37:19 INFO [worker-1] scheduled job finished path=/api/v1/item/57
2026-09-04 17:38:26 INFO [worker-2] cache hit path=/api/v1/item/58
2026-09-04 17:39:33 INFO [worker-3] cache hit path=/api/v1/item/59
2026-09-04 17:40:40 INFO [worker-4] worker heartbeat path=/api/v1/item/60
2026-09-04 17:41:47 INFO [worker-5] cache miss path=/api/v1/item/61
2026-09-04 17:42:54 INFO [worker-6] scheduled job finished path=/api/v1/item/62
2026-09-04 17:43:01 INFO [worker-7] cache miss path=/api/v1/item/63
2026-09-04 17:44:08 INFO [worker-0] cache miss path=/api/v1/item/64
2026-09-04 17:45:15 ERROR [worker-1] invalid session token (req=22295)
2026-09-04 17:46:22 ERROR [worker-2] connection reset by peer (req=22326)
2026-09-04 17:47:29 INFO [worker-3] scheduled job finished path=/api/v1/item/67
2026-09-04 17:48:36 INFO [worker-4] request served path=/api/v1/item/68
2026-09-04 17:49:43 INFO [worker-5] worker heartbeat path=/api/v1/item/69
2026-09-04 17:50:50 INFO [worker-6] request served path=/api/v1/item/70
2026-09-04 17:51:57 INFO [worker-7] request served path=/api/v1/item/71
2026-09-04 17:52:04 INFO [worker-0] worker heartbeat path=/api/v1/item/72
2026-09-04 17:53:11 WARN [worker-1] slow response 2676ms
2026-09-04 17:54:18 INFO [worker-2] scheduled job finished path=/api/v1/item/74
2026-09-04 17:55:25 INFO [worker-3] worker heartbeat path=/api/v1/item/75
2026-09-04 17:56:32 INFO [worker-4] request served path=/api/v1/item/76
2026-09-04 17:57:39 INFO [worker-5] scheduled job finished path=/api/v1/item/77
2026-09-04 17:58:46 ERROR [worker-6] disk quota exceeded (req=22698)
2026-09-04 17:59:53 INFO [worker-7] scheduled job finished path=/api/v1/item/79
2026-09-04 18:00:00 INFO [worker-0] scheduled job finished path=/api/v1/item/80
2026-09-04 18:01:07 INFO [worker-1] request served path=/api/v1/item/81
2026-09-04 18:02:14 WARN [worker-2] slow response 1453ms
2026-09-04 18:03:21 INFO [worker-3] cache miss path=/api/v1/item/83
2026-09-04 18:04:28 INFO [worker-4] worker heartbeat path=/api/v1/item/84
2026-09-04 18:05:35 INFO [worker-5] request served path=/api/v1/item/85
2026-09-04 18:06:42 INFO [worker-6] cache hit path=/api/v1/item/86
2026-09-04 18:07:49 INFO [worker-7] worker heartbeat path=/api/v1/item/87
2026-09-04 18:08:56 WARN [worker-0] slow response 1745ms
2026-09-04 18:09:03 INFO [worker-1] cache hit path=/api/v1/item/89
2026-09-04 18:10:10 INFO [worker-2] worker heartbeat path=/api/v1/item/90
2026-09-04 18:11:17 INFO [worker-3] worker heartbeat path=/api/v1/item/91
2026-09-04 18:12:24 INFO [worker-4] cache hit path=/api/v1/item/92
2026-09-04 18:13:31 INFO [worker-5] cache miss path=/api/v1/item/93
2026-09-04 18:14:38 INFO [worker-6] scheduled job finished path=/api/v1/item/94
2026-09-04 18:15:45 INFO [worker-7] scheduled job finished path=/api/v1/item/95
2026-09-04 18:16:52 INFO [worker-0] request served path=/api/v1/item/96
2026-09-04 18:17:59 WARN [worker-1] slow response 1775ms
2026-09-04 18:18:06 INFO [worker-2] worker heartbeat path=/api/v1/item/1
2026-09-04 18:19:13 ERROR [worker-3] timeout waiting for upstream (req=23349)
2026-09-04 18:20:20 INFO [worker-4] scheduled job finished path=/api/v1/item/3
2026-09-04 18:21:27 ERROR [worker-5] connection reset by peer (req=23411)
2026-09-04 18:22:34 WARN [worker-6] slow response 2667ms
2026-09-04 18:23:41 INFO [worker-7] scheduled job finished path=/api/v1/item/6
2026-09-04 18:24:48 INFO [worker-0] cache hit path=/api/v1/item/7
2026-09-04 18:25:55 INFO [worker-1] cache hit path=/api/v1/item/8
2026-09-04 18:26:02 INFO [worker-2] cache miss path=/api/v1/item/9
2026-09-04 18:27:09 INFO [worker-3] cache hit path=/api/v1/item/10
2026-09-04 18:28:16 INFO [worker-4] scheduled job finished path=/api/v1/item/11
2026-09-04 18:29:23 INFO [worker-5] cache miss path=/api/v1/item/12
2026-09-04 18:30:30 INFO [worker-6] cache hit path=/api/v1/item/13
2026-09-04 18:31:37 INFO [worker-7] scheduled job finished path=/api/v1/item/14
2026-09-04 18:32:44 INFO [worker-0] scheduled job finished path=/api/v1/item/15
2026-09-04 18:33:51 INFO [worker-1] scheduled job finished path=/api/v1/item/16
2026-09-04 18:34:58 INFO [worker-2] request served path=/api/v1/item/17
2026-09-04 18:35:05 INFO [worker-3] scheduled job finished path=/api/v1/item/18
2026-09-04 18:36:12 INFO [worker-4] cache hit path=/api/v1/item/19
2026-09-04 18:37:19 ERROR [worker-5] disk quota exceeded (req=23907)
2026-09-04 18:38:26 INFO [worker-6] cache hit path=/api/v1/item/21
2026-09-04 18:39:33 INFO [worker-7] cache hit path=/api/v1/item/22
